date,year_low
"March 19, 2020",19.10
"March 18, 2020",19.10
"March 17, 2020",30.60
"March 16, 2020",31.23
"March 13, 2020",33.46
"March 12, 2020",33.46
"March 11, 2020",41.46
"March 10, 2020",41.46
"March 9, 2020",42.42
"March 6, 2020",42.87
"March 5, 2020",44.33
"March 4, 2020",44.33
"March 3, 2020",44.33
"March 2, 2020",44.33
"Feb. 28, 2020",45.03
"Feb. 27, 2020",45.03
"Feb. 26, 2020",48.22
"Feb. 25, 2020",48.22
"Feb. 24, 2020",48.22
"Feb. 21, 2020",48.22
"Feb. 20, 2020",48.22
"Feb. 19, 2020",48.22
"Feb. 18, 2020",48.22
"Feb. 14, 2020",48.22
"Feb. 13, 2020",48.22
"Feb. 12, 2020",48.22
"Feb. 11, 2020",48.22
"Feb. 10, 2020",48.22
"Feb. 7, 2020",48.22
"Feb. 6, 2020",48.22
"Feb. 5, 2020",48.22
"Feb. 4, 2020",48.22
"Feb. 3, 2020",48.22
"Jan. 31, 2020",48.22
"Jan. 30, 2020",48.22
"Jan. 29, 2020",48.22
"Jan. 28, 2020",47.87
"Jan. 27, 2020",47.33
"Jan. 24, 2020",46.90
"Jan. 23, 2020",46.90
"Jan. 22, 2020",46.90
"Jan. 21, 2020",46.84
"Jan. 17, 2020",46.84
"Jan. 16, 2020",46.84
"Jan. 15, 2020",46.84
"Jan. 14, 2020",46.84
"Jan. 13, 2020",46.40
"Jan. 10, 2020",46.40
"Jan. 9, 2020",45.82
"Jan. 8, 2020",45.82
"Jan. 7, 2020",45.82
"Jan. 6, 2020",45.82
"Jan. 3, 2020",45.82
"Jan. 2, 2020",45.08
"Dec. 31, 2019",45.08
"Dec. 30, 2019",45.08
"Dec. 27, 2019",45.08
"Dec. 26, 2019",45.08
"Dec. 24, 2019",45.08
"Dec. 23, 2019",45.08
"Dec. 20, 2019",45.08
"Dec. 19, 2019",45.08
"Dec. 18, 2019",45.08
"Dec. 17, 2019",45.08
"Dec. 16, 2019",45.08
"Dec. 13, 2019",45.08
"Dec. 12, 2019",45.08
"Dec. 11, 2019",45.08
"Dec. 10, 2019",45.08
"Dec. 9, 2019",45.08
"Dec. 6, 2019",45.08
"Dec. 5, 2019",45.08
"Dec. 4, 2019",45.08
"Dec. 3, 2019",45.08
"Dec. 2, 2019",45.08
"Nov. 29, 2019",45.08
"Nov. 27, 2019",45.08
"Nov. 26, 2019",45.08
"Nov. 25, 2019",45.08
"Nov. 22, 2019",45.08
"Nov. 21, 2019",45.08
"Nov. 20, 2019",45.08
"Nov. 19, 2019",45.08
"Nov. 18, 2019",45.08
"Nov. 15, 2019",45.08
"Nov. 14, 2019",45.08
"Nov. 13, 2019",45.08
"Nov. 12, 2019",45.08
"Nov. 11, 2019",45.08
"Nov. 8, 2019",45.08
"Nov. 7, 2019",45.08
"Nov. 6, 2019",45.08
"Nov. 5, 2019",45.08
"Nov. 4, 2019",45.08
"Nov. 1, 2019",45.08
"Oct. 31, 2019",45.08
"Oct. 30, 2019",45.08
"Oct. 29, 2019",45.08
"Oct. 28, 2019",45.08
"Oct. 25, 2019",45.08
"Oct. 24, 2019",45.08
"Oct. 23, 2019",45.08
"Oct. 22, 2019",45.08
"Oct. 21, 2019",45.08
"Oct. 18, 2019",45.08
"Oct. 17, 2019",45.08
"Oct. 16, 2019",45.08
"Oct. 15, 2019",45.08
"Oct. 14, 2019",45.08
"Oct. 11, 2019",45.08
"Oct. 10, 2019",45.08
"Oct. 9, 2019",45.08
"Oct. 8, 2019",45.08
"Oct. 7, 2019",45.08
"Oct. 4, 2019",45.08
"Oct. 3, 2019",45.08
"Oct. 2, 2019",45.08
"Oct. 1, 2019",45.08
"Sept. 30, 2019",45.08
"Sept. 27, 2019",45.08
"Sept. 26, 2019",45.08
"Sept. 25, 2019",45.08
"Sept. 24, 2019",45.08
"Sept. 23, 2019",45.08
"Sept. 20, 2019",45.08
"Sept. 19, 2019",45.08
"Sept. 18, 2019",45.08
"Sept. 17, 2019",45.08
"Sept. 16, 2019",45.08
"Sept. 13, 2019",45.08
"Sept. 12, 2019",45.08
"Sept. 11, 2019",45.08
"Sept. 10, 2019",45.08
"Sept. 9, 2019",45.08
"Sept. 6, 2019",45.08
"Sept. 5, 2019",45.08
"Sept. 4, 2019",45.08
"Sept. 3, 2019",45.08
"Aug. 30, 2019",45.08
"Aug. 29, 2019",45.08
"Aug. 28, 2019",45.08
"Aug. 27, 2019",45.08
"Aug. 26, 2019",45.08
"Aug. 23, 2019",45.08
"Aug. 22, 2019",45.08
"Aug. 21, 2019",45.08
"Aug. 20, 2019",45.08
"Aug. 19, 2019",45.08
"Aug. 16, 2019",45.08
"Aug. 15, 2019",45.08
"Aug. 14, 2019",45.08
"Aug. 13, 2019",45.08
"Aug. 12, 2019",45.08
"Aug. 9, 2019",45.08
"Aug. 8, 2019",45.08
"Aug. 7, 2019",45.08
"Aug. 6, 2019",45.08
"Aug. 5, 2019",45.08
"Aug. 2, 2019",45.08
"Aug. 1, 2019",45.08
"July 31, 2019",45.08
"July 30, 2019",45.08
"July 29, 2019",45.08
"July 26, 2019",45.08
"July 25, 2019",45.08
"July 24, 2019",45.08
"July 23, 2019",45.08
"July 22, 2019",45.08
"July 19, 2019",45.08
"July 18, 2019",45.08
"July 17, 2019",45.08
"July 16, 2019",45.08
"July 15, 2019",45.08
"July 12, 2019",45.08
"July 11, 2019",45.08
"July 10, 2019",45.08
"July 9, 2019",45.08
"July 8, 2019",45.08
"July 5, 2019",45.08
"July 3, 2019",45.08
"July 2, 2019",45.08
"July 1, 2019",45.08
"June 28, 2019",45.08
"June 27, 2019",45.08
"June 26, 2019",45.08
"June 25, 2019",45.08
"June 24, 2019",45.08
"June 21, 2019",45.08
"June 20, 2019",45.08
"June 19, 2019",45.08
"June 18, 2019",45.08
"June 17, 2019",45.08
"June 14, 2019",45.08
"June 13, 2019",45.08
"June 12, 2019",45.08
"June 11, 2019",45.08
"June 10, 2019",45.08
"June 7, 2019",45.08
"June 6, 2019",45.08
"June 5, 2019",45.08
"June 4, 2019",45.08
"June 3, 2019",45.08
"May 31, 2019",45.08
"May 30, 2019",45.08
"May 29, 2019",45.08
"May 28, 2019",45.08
"May 24, 2019",45.08
"May 23, 2019",45.08
"May 22, 2019",45.08
"May 21, 2019",45.08
"May 20, 2019",45.08
"May 17, 2019",45.08
"May 16, 2019",45.08
"May 15, 2019",45.08
"May 14, 2019",45.08
"May 13, 2019",45.08
"May 10, 2019",45.08
"May 9, 2019",45.08
"May 8, 2019",45.08
"May 7, 2019",45.08
"May 6, 2019",45.08
"May 3, 2019",45.08
"May 2, 2019",45.08
"May 1, 2019",45.08
"April 30, 2019",45.08
"April 29, 2019",45.08
"April 26, 2019",45.08
"April 25, 2019",45.08
"April 24, 2019",45.08
"April 23, 2019",45.08
"April 22, 2019",45.08
"April 18, 2019",45.08
"April 17, 2019",45.08
"April 16, 2019",45.08
"April 15, 2019",45.08
"April 12, 2019",45.08
"April 11, 2019",45.08
"April 10, 2019",45.08
"April 9, 2019",45.08
"April 8, 2019",45.08
"April 5, 2019",45.08
"April 4, 2019",45.08
"April 3, 2019",45.08
"April 2, 2019",45.08
"April 1, 2019",45.08
"March 29, 2019",45.08
"March 28, 2019",45.08
"March 27, 2019",45.08
"March 26, 2019",45.08
"March 25, 2019",45.08
"March 22, 2019",45.08
"March 21, 2019",45.08
"March 20, 2019",45.08
"March 19, 2019",45.08
"March 18, 2019",45.08
"March 15, 2019",45.08
"March 14, 2019",45.08
"March 13, 2019",45.08
"March 12, 2019",45.08
"March 11, 2019",45.08
"March 8, 2019",45.08
"March 7, 2019",45.08
"March 6, 2019",45.08
"March 5, 2019",45.08
"March 4, 2019",45.08
"March 1, 2019",45.08
"Feb. 28, 2019",45.08
"Feb. 27, 2019",45.08
"Feb. 26, 2019",45.08
"Feb. 25, 2019",45.08
"Feb. 22, 2019",45.08
"Feb. 21, 2019",45.08
"Feb. 20, 2019",45.08
"Feb. 19, 2019",45.08
"Feb. 15, 2019",45.08
"Feb. 14, 2019",45.08
"Feb. 13, 2019",45.08
"Feb. 12, 2019",45.08
"Feb. 11, 2019",45.08
"Feb. 8, 2019",45.08
"Feb. 7, 2019",45.08
"Feb. 6, 2019",45.08
"Feb. 5, 2019",45.08
"Feb. 4, 2019",45.08
"Feb. 1, 2019",45.08
"Jan. 31, 2019",45.08
"Jan. 30, 2019",45.08
"Jan. 29, 2019",45.08
"Jan. 28, 2019",45.08
"Jan. 25, 2019",45.08
"Jan. 24, 2019",45.08
"Jan. 23, 2019",45.08
"Jan. 22, 2019",45.08
"Jan. 18, 2019",45.08
"Jan. 17, 2019",45.08
"Jan. 16, 2019",45.08
"Jan. 15, 2019",45.08
"Jan. 14, 2019",45.08
"Jan. 11, 2019",45.08
"Jan. 10, 2019",45.08
"Jan. 9, 2019",45.08
"Jan. 8, 2019",45.08
"Jan. 7, 2019",45.08
"Jan. 4, 2019",45.08
"Jan. 3, 2019",45.08
"Jan. 2, 2019",47.90
"Dec. 31, 2018",47.90
"Dec. 28, 2018",47.90
"Dec. 27, 2018",47.90
"Dec. 26, 2018",47.90
"Dec. 24, 2018",47.90
"Dec. 21, 2018",48.52
"Dec. 20, 2018",48.52
"Dec. 19, 2018",48.52
"Dec. 18, 2018",48.52
"Dec. 17, 2018",48.52
"Dec. 14, 2018",48.52
"Dec. 13, 2018",48.52
"Dec. 12, 2018",48.52
"Dec. 11, 2018",48.52
"Dec. 10, 2018",48.52
"Dec. 7, 2018",48.52
"Dec. 6, 2018",48.52
"Dec. 4, 2018",48.52
"Dec. 3, 2018",48.52
"Nov. 30, 2018",48.52
"Nov. 29, 2018",48.52
"Nov. 28, 2018",48.52
"Nov. 27, 2018",48.52
"Nov. 26, 2018",48.52
"Nov. 23, 2018",48.52
"Nov. 21, 2018",48.52
"Nov. 20, 2018",48.52
"Nov. 19, 2018",48.52
"Nov. 16, 2018",48.52
"Nov. 15, 2018",48.52
"Nov. 14, 2018",48.34
"Nov. 13, 2018",48.34
"Nov. 12, 2018",48.33
"Nov. 9, 2018",48.33
"Nov. 8, 2018",48.33
"Nov. 7, 2018",48.33
"Nov. 6, 2018",48.33
"Nov. 5, 2018",48.33
"Nov. 2, 2018",48.33
"Nov. 1, 2018",48.33
"Oct. 31, 2018",48.33
"Oct. 30, 2018",48.33
"Oct. 29, 2018",48.33
"Oct. 26, 2018",48.33
"Oct. 25, 2018",48.33
"Oct. 24, 2018",48.33
"Oct. 23, 2018",48.33
"Oct. 22, 2018",48.33
"Oct. 19, 2018",48.33
"Oct. 18, 2018",48.33
"Oct. 17, 2018",48.33
"Oct. 16, 2018",48.33
"Oct. 15, 2018",48.33
"Oct. 12, 2018",48.33
"Oct. 11, 2018",48.33
"Oct. 10, 2018",48.33
"Oct. 9, 2018",48.33
"Oct. 8, 2018",48.33
"Oct. 5, 2018",48.33
"Oct. 4, 2018",48.33
"Oct. 3, 2018",48.33
"Oct. 2, 2018",48.15
"Oct. 1, 2018",47.90
"Sept. 28, 2018",47.90
"Sept. 27, 2018",47.46
"Sept. 26, 2018",47.12
"Sept. 25, 2018",47.12
"Sept. 24, 2018",47.12
"Sept. 21, 2018",47.12
"Sept. 20, 2018",47.12
"Sept. 19, 2018",47.12
"Sept. 18, 2018",47.12
"Sept. 17, 2018",47.12
"Sept. 14, 2018",47.12
"Sept. 13, 2018",47.12
"Sept. 12, 2018",47.12
"Sept. 11, 2018",47.12
"Sept. 10, 2018",47.12
"Sept. 7, 2018",46.89
"Sept. 6, 2018",46.89
"Sept. 5, 2018",44.59
"Sept. 4, 2018",44.59
"Aug. 31, 2018",44.59
"Aug. 30, 2018",44.59
"Aug. 29, 2018",44.59
"Aug. 28, 2018",44.59
"Aug. 27, 2018",44.59
"Aug. 24, 2018",44.59
"Aug. 23, 2018",44.59
"Aug. 22, 2018",44.59
"Aug. 21, 2018",44.59
"Aug. 20, 2018",44.59
"Aug. 17, 2018",44.59
"Aug. 16, 2018",44.59
"Aug. 15, 2018",44.59
"Aug. 14, 2018",44.59
"Aug. 13, 2018",44.59
"Aug. 10, 2018",44.59
"Aug. 9, 2018",44.59
"Aug. 8, 2018",44.59
"Aug. 7, 2018",44.59
"Aug. 6, 2018",44.59
"Aug. 3, 2018",44.59
"Aug. 2, 2018",44.59
"Aug. 1, 2018",44.59
"July 31, 2018",44.59
"July 30, 2018",44.59
"July 27, 2018",44.59
"July 26, 2018",44.59
"July 25, 2018",44.59
"July 24, 2018",44.59
"July 23, 2018",44.59
"July 20, 2018",44.59
"July 19, 2018",44.59
"July 18, 2018",44.59
"July 17, 2018",44.59
"July 16, 2018",44.59
"July 13, 2018",44.59
"July 12, 2018",44.59
"July 11, 2018",44.59
"July 10, 2018",44.59
"July 9, 2018",44.59
"July 6, 2018",44.59
"July 5, 2018",44.59
"July 3, 2018",44.59
"July 2, 2018",44.59
"June 29, 2018",44.59
"June 28, 2018",44.59
"June 27, 2018",44.59
"June 26, 2018",44.59
"June 25, 2018",44.59
"June 22, 2018",44.59
"June 21, 2018",44.59
"June 20, 2018",44.59
"June 19, 2018",44.59
"June 18, 2018",44.59
"June 15, 2018",44.59
"June 14, 2018",44.59
"June 13, 2018",44.59
"June 12, 2018",44.59
"June 11, 2018",44.59
"June 8, 2018",44.59
"June 7, 2018",44.59
"June 6, 2018",44.59
"June 5, 2018",44.59
"June 4, 2018",44.59
"June 1, 2018",44.59
"May 31, 2018",44.59
"May 30, 2018",44.59
"May 29, 2018",44.59
"May 25, 2018",44.59
"May 24, 2018",44.59
"May 23, 2018",44.59
"May 22, 2018",44.59
"May 21, 2018",44.59
"May 18, 2018",44.59
"May 17, 2018",44.59
"May 16, 2018",44.59
"May 15, 2018",44.59
"May 14, 2018",44.59
"May 11, 2018",44.59
"May 10, 2018",44.59
"May 9, 2018",44.59
"May 8, 2018",44.59
"May 7, 2018",44.59
"May 4, 2018",44.59
"May 3, 2018",44.59
"May 2, 2018",44.59
"May 1, 2018",44.59
"April 30, 2018",44.59
"April 27, 2018",44.59
"April 26, 2018",44.59
"April 25, 2018",44.59
"April 24, 2018",44.59
"April 23, 2018",44.59
"April 20, 2018",44.59
"April 19, 2018",44.59
"April 18, 2018",44.59
"April 17, 2018",43.97
"April 16, 2018",43.97
"April 13, 2018",43.81
"April 12, 2018",43.81
"April 11, 2018",43.81
"April 10, 2018",43.81
"April 9, 2018",43.81
"April 6, 2018",43.81
"April 5, 2018",43.81
"April 4, 2018",43.81
"April 3, 2018",43.81
"April 2, 2018",43.81
"March 29, 2018",43.81
"March 28, 2018",43.81
"March 27, 2018",43.81
"March 26, 2018",43.81
"March 23, 2018",43.81
"March 22, 2018",43.81
"March 21, 2018",43.81
"March 20, 2018",43.81
"March 19, 2018",43.81
"March 16, 2018",43.81
"March 15, 2018",43.81
"March 14, 2018",43.81
"March 13, 2018",43.81
"March 12, 2018",43.81
"March 9, 2018",43.81
"March 8, 2018",43.81
"March 7, 2018",43.81
"March 6, 2018",43.81
"March 5, 2018",43.81
"March 2, 2018",43.81
"March 1, 2018",43.81
"Feb. 28, 2018",43.81
"Feb. 27, 2018",43.81
"Feb. 26, 2018",43.81
"Feb. 23, 2018",43.81
"Feb. 22, 2018",43.81
"Feb. 21, 2018",43.81
"Feb. 20, 2018",43.81
"Feb. 16, 2018",43.81
"Feb. 15, 2018",43.81
"Feb. 14, 2018",43.81
"Feb. 13, 2018",43.81
"Feb. 12, 2018",43.81
"Feb. 9, 2018",43.81
"Feb. 8, 2018",43.81
"Feb. 7, 2018",43.81
"Feb. 6, 2018",43.81
"Feb. 5, 2018",43.81
"Feb. 2, 2018",43.81
"Feb. 1, 2018",43.81
"Jan. 31, 2018",43.81
"Jan. 30, 2018",43.81
"Jan. 29, 2018",43.81
"Jan. 26, 2018",43.81
"Jan. 25, 2018",43.81
"Jan. 24, 2018",43.81
"Jan. 23, 2018",43.81
"Jan. 22, 2018",43.81
"Jan. 19, 2018",43.81
"Jan. 18, 2018",43.81
"Jan. 17, 2018",43.81
"Jan. 16, 2018",43.81
"Jan. 12, 2018",43.81
"Jan. 11, 2018",43.81
"Jan. 10, 2018",43.81
"Jan. 9, 2018",43.81
"Jan. 8, 2018",43.81
"Jan. 5, 2018",43.81
"Jan. 4, 2018",43.81
"Jan. 3, 2018",43.81
"Jan. 2, 2018",43.81
"Dec. 29, 2017",43.81
"Dec. 28, 2017",43.81
"Dec. 27, 2017",43.81
"Dec. 26, 2017",43.81
"Dec. 22, 2017",43.81
"Dec. 21, 2017",43.81
"Dec. 20, 2017",43.81
"Dec. 19, 2017",43.81
"Dec. 18, 2017",43.81
"Dec. 15, 2017",43.81
"Dec. 14, 2017",43.81
"Dec. 13, 2017",43.81
"Dec. 12, 2017",43.81
"Dec. 11, 2017",43.81
"Dec. 8, 2017",43.81
"Dec. 7, 2017",43.81
"Dec. 6, 2017",43.81
"Dec. 5, 2017",43.81
"Dec. 4, 2017",43.81
"Dec. 1, 2017",43.81
"Nov. 30, 2017",43.81
"Nov. 29, 2017",43.81
"Nov. 28, 2017",43.81
"Nov. 27, 2017",43.81
"Nov. 24, 2017",43.81
"Nov. 22, 2017",43.81
"Nov. 21, 2017",43.81
"Nov. 20, 2017",43.81
"Nov. 17, 2017",43.81
"Nov. 16, 2017",43.81
"Nov. 15, 2017",43.81
"Nov. 14, 2017",43.81
"Nov. 13, 2017",43.81
"Nov. 10, 2017",43.81
"Nov. 9, 2017",43.81
"Nov. 8, 2017",43.57
"Nov. 7, 2017",43.13
"Nov. 6, 2017",43.03
"Nov. 3, 2017",41.75
"Nov. 2, 2017",41.75
"Nov. 1, 2017",41.72
"Oct. 31, 2017",41.55
"Oct. 30, 2017",41.12
"Oct. 27, 2017",41.00
"Oct. 26, 2017",40.92
"Oct. 25, 2017",40.05
"Oct. 24, 2017",40.05
"Oct. 23, 2017",40.05
"Oct. 20, 2017",40.05
"Oct. 19, 2017",40.05
"Oct. 18, 2017",39.19
"Oct. 17, 2017",39.05
"Oct. 16, 2017",39.05
"Oct. 13, 2017",39.05
"Oct. 12, 2017",37.91
"Oct. 11, 2017",37.91
"Oct. 10, 2017",37.91
"Oct. 9, 2017",37.91
"Oct. 6, 2017",37.91
"Oct. 5, 2017",37.91
"Oct. 4, 2017",37.91
"Oct. 3, 2017",37.91
"Oct. 2, 2017",37.91
"Sept. 29, 2017",37.91
"Sept. 28, 2017",37.91
"Sept. 27, 2017",37.91
"Sept. 26, 2017",37.91
"Sept. 25, 2017",37.91
"Sept. 22, 2017",37.91
"Sept. 21, 2017",37.91
"Sept. 20, 2017",37.48
"Sept. 19, 2017",37.41
"Sept. 18, 2017",36.85
"Sept. 15, 2017",36.59
"Sept. 14, 2017",36.59
"Sept. 13, 2017",36.59
"Sept. 12, 2017",36.59
"Sept. 11, 2017",36.59
"Sept. 8, 2017",36.59
"Sept. 7, 2017",36.59
"Sept. 6, 2017",36.59
"Sept. 5, 2017",36.59
"Sept. 1, 2017",36.59
"Aug. 31, 2017",36.32
"Aug. 30, 2017",36.02
"Aug. 29, 2017",36.02
"Aug. 28, 2017",36.02
"Aug. 25, 2017",35.90
"Aug. 24, 2017",35.90
"Aug. 23, 2017",35.90
"Aug. 22, 2017",35.90
"Aug. 21, 2017",35.90
"Aug. 18, 2017",35.90
"Aug. 17, 2017",35.90
"Aug. 16, 2017",35.90
"Aug. 15, 2017",35.90
"Aug. 14, 2017",35.84
"Aug. 11, 2017",35.84
"Aug. 10, 2017",35.84
"Aug. 9, 2017",35.84
"Aug. 8, 2017",35.84
"Aug. 7, 2017",35.84
"Aug. 4, 2017",35.84
"Aug. 3, 2017",35.84
"Aug. 2, 2017",35.84
"Aug. 1, 2017",35.84
"July 31, 2017",35.84
"July 28, 2017",35.84
"July 27, 2017",35.84
"July 26, 2017",35.84
"July 25, 2017",35.84
"July 24, 2017",35.84
"July 21, 2017",35.84
"July 20, 2017",35.84
"July 19, 2017",35.84
"July 18, 2017",35.84
"July 17, 2017",35.84
"July 14, 2017",35.84
"July 13, 2017",35.84
"July 12, 2017",35.84
"July 11, 2017",35.84
"July 10, 2017",35.84
"July 7, 2017",35.84
"July 6, 2017",35.50
"July 5, 2017",34.08
"July 3, 2017",34.08
"June 30, 2017",34.08
"June 29, 2017",34.08
"June 28, 2017",34.08
"June 27, 2017",33.60
"June 26, 2017",32.60
"June 23, 2017",32.60
"June 22, 2017",32.60
"June 21, 2017",32.60
"June 20, 2017",32.60
"June 19, 2017",32.60
"June 16, 2017",32.60
"June 15, 2017",32.60
"June 14, 2017",32.60
"June 13, 2017",32.60
"June 12, 2017",32.60
"June 9, 2017",32.60
"June 8, 2017",32.60
"June 7, 2017",32.60
"June 6, 2017",32.60
"June 5, 2017",32.60
"June 2, 2017",32.60
"June 1, 2017",32.60
"May 31, 2017",32.60
"May 30, 2017",32.60
"May 26, 2017",32.60
"May 25, 2017",32.60
"May 24, 2017",32.60
"May 23, 2017",32.60
"May 22, 2017",32.60
"May 19, 2017",32.60
"May 18, 2017",32.60
"May 17, 2017",32.60
"May 16, 2017",32.60
"May 15, 2017",32.60
"May 12, 2017",32.60
"May 11, 2017",32.60
"May 10, 2017",32.60
"May 9, 2017",32.60
"May 8, 2017",32.60
"May 5, 2017",32.60
"May 4, 2017",32.60
"May 3, 2017",32.60
"May 2, 2017",32.60
"May 1, 2017",32.60
"April 28, 2017",32.60
"April 27, 2017",32.60
"April 26, 2017",32.60
"April 25, 2017",32.60
"April 24, 2017",32.60
"April 21, 2017",32.60
"April 20, 2017",32.60
"April 19, 2017",32.60
"April 18, 2017",32.60
"April 17, 2017",32.60
"April 13, 2017",32.60
"April 12, 2017",32.60
"April 11, 2017",32.60
"April 10, 2017",32.60
"April 7, 2017",32.60
"April 6, 2017",32.60
"April 5, 2017",32.60
"April 4, 2017",32.60
"April 3, 2017",32.60
"March 31, 2017",32.60
"March 30, 2017",32.60
"March 29, 2017",32.60
"March 28, 2017",32.60
"March 27, 2017",32.60
"March 24, 2017",32.60
"March 23, 2017",32.60
"March 22, 2017",32.60
"March 21, 2017",32.60
"March 20, 2017",32.60
"March 17, 2017",32.60
"March 16, 2017",32.60
"March 15, 2017",32.60
"March 14, 2017",32.60
"March 13, 2017",32.60
"March 10, 2017",32.60
"March 9, 2017",32.60
"March 8, 2017",32.60
"March 7, 2017",32.60
"March 6, 2017",32.60
"March 3, 2017",32.60
"March 2, 2017",32.60
"March 1, 2017",32.60
"Feb. 28, 2017",32.60
"Feb. 27, 2017",32.60
"Feb. 24, 2017",32.60
"Feb. 23, 2017",32.60
"Feb. 22, 2017",32.60
"Feb. 21, 2017",32.60
"Feb. 17, 2017",32.60
"Feb. 16, 2017",32.60
"Feb. 15, 2017",32.60
"Feb. 14, 2017",32.60
"Feb. 13, 2017",32.60
"Feb. 10, 2017",32.60
"Feb. 9, 2017",32.60
"Feb. 8, 2017",32.60
"Feb. 7, 2017",32.60
"Feb. 6, 2017",32.60
"Feb. 3, 2017",32.60
"Feb. 2, 2017",32.60
"Feb. 1, 2017",32.60
"Jan. 31, 2017",32.60
"Jan. 30, 2017",32.60
"Jan. 27, 2017",32.60
"Jan. 26, 2017",32.60
"Jan. 25, 2017",32.60
"Jan. 24, 2017",32.60
"Jan. 23, 2017",32.60
"Jan. 20, 2017",32.60
"Jan. 19, 2017",32.60
"Jan. 18, 2017",32.60
"Jan. 17, 2017",32.60
"Jan. 13, 2017",32.60
"Jan. 12, 2017",32.60
"Jan. 11, 2017",32.60
"Jan. 10, 2017",32.60
"Jan. 9, 2017",32.60
"Jan. 6, 2017",32.60
"Jan. 5, 2017",32.60
"Jan. 4, 2017",32.60
"Jan. 3, 2017",32.60
"Dec. 30, 2016",32.60
"Dec. 29, 2016",32.60
"Dec. 28, 2016",32.60
"Dec. 27, 2016",32.60
"Dec. 23, 2016",32.60
"Dec. 22, 2016",32.60
"Dec. 21, 2016",32.60
"Dec. 20, 2016",32.60
"Dec. 19, 2016",32.60
"Dec. 16, 2016",32.60
"Dec. 15, 2016",32.60
"Dec. 14, 2016",32.60
"Dec. 13, 2016",32.60
"Dec. 12, 2016",32.60
"Dec. 9, 2016",32.60
"Dec. 8, 2016",32.60
"Dec. 7, 2016",32.60
"Dec. 6, 2016",32.60
"Dec. 5, 2016",32.60
"Dec. 2, 2016",32.60
"Dec. 1, 2016",32.60
"Nov. 30, 2016",32.60
"Nov. 29, 2016",32.60
"Nov. 28, 2016",32.60
"Nov. 25, 2016",32.60
"Nov. 23, 2016",32.60
"Nov. 22, 2016",32.60
"Nov. 21, 2016",32.60
"Nov. 18, 2016",32.60
"Nov. 17, 2016",32.60
"Nov. 16, 2016",32.60
"Nov. 15, 2016",32.60
"Nov. 14, 2016",32.60
"Nov. 11, 2016",32.60
"Nov. 10, 2016",32.60
"Nov. 9, 2016",32.60
"Nov. 8, 2016",32.60
"Nov. 7, 2016",32.60
"Nov. 4, 2016",32.60
"Nov. 3, 2016",32.60
"Nov. 2, 2016",32.60
"Nov. 1, 2016",32.60
"Oct. 31, 2016",32.60
"Oct. 28, 2016",32.60
"Oct. 27, 2016",32.60
"Oct. 26, 2016",32.60
"Oct. 25, 2016",32.60
"Oct. 24, 2016",32.60
"Oct. 21, 2016",32.60
"Oct. 20, 2016",32.60
"Oct. 19, 2016",32.60
"Oct. 18, 2016",32.60
"Oct. 17, 2016",32.60
"Oct. 14, 2016",32.60
"Oct. 13, 2016",32.60
"Oct. 12, 2016",32.60
"Oct. 11, 2016",32.60
"Oct. 10, 2016",32.60
"Oct. 7, 2016",32.60
"Oct. 6, 2016",32.60
"Oct. 5, 2016",32.60
"Oct. 4, 2016",32.60
"Oct. 3, 2016",32.60
"Sept. 30, 2016",32.60
"Sept. 29, 2016",32.60
"Sept. 28, 2016",32.60
"Sept. 27, 2016",32.60
"Sept. 26, 2016",32.60
"Sept. 23, 2016",32.60
"Sept. 22, 2016",32.60
"Sept. 21, 2016",32.60
"Sept. 20, 2016",32.60
"Sept. 19, 2016",32.60
"Sept. 16, 2016",32.60
"Sept. 15, 2016",32.60
"Sept. 14, 2016",32.60
"Sept. 13, 2016",32.60
"Sept. 12, 2016",32.60
"Sept. 9, 2016",32.60
"Sept. 8, 2016",32.60
"Sept. 7, 2016",32.60
"Sept. 6, 2016",32.60
"Sept. 2, 2016",32.60
"Sept. 1, 2016",32.60
"Aug. 31, 2016",32.60
"Aug. 30, 2016",32.60
"Aug. 29, 2016",32.60
"Aug. 26, 2016",32.60
"Aug. 25, 2016",32.60
"Aug. 24, 2016",32.60
"Aug. 23, 2016",32.60
"Aug. 22, 2016",32.60
"Aug. 19, 2016",32.60
"Aug. 18, 2016",32.60
"Aug. 17, 2016",32.60
"Aug. 16, 2016",32.60
"Aug. 15, 2016",32.60
"Aug. 12, 2016",32.60
"Aug. 11, 2016",32.60
"Aug. 10, 2016",32.60
"Aug. 9, 2016",32.60
"Aug. 8, 2016",32.60
"Aug. 5, 2016",32.60
"Aug. 4, 2016",32.60
"Aug. 3, 2016",32.60
"Aug. 2, 2016",32.60
"Aug. 1, 2016",32.60
"July 29, 2016",32.60
"July 28, 2016",32.60
"July 27, 2016",32.60
"July 26, 2016",32.60
"July 25, 2016",32.60
"July 22, 2016",32.60
"July 21, 2016",32.60
"July 20, 2016",32.60
"July 19, 2016",32.60
"July 18, 2016",32.60
"July 15, 2016",32.60
"July 14, 2016",32.60
"July 13, 2016",32.60
"July 12, 2016",32.60
"July 11, 2016",32.60
"July 8, 2016",32.60
"July 7, 2016",32.60
"July 6, 2016",32.60
"July 5, 2016",32.60
"July 1, 2016",32.60
"June 30, 2016",32.60
"June 29, 2016",32.60
"June 28, 2016",32.60
"June 27, 2016",32.60
"June 24, 2016",34.61
"June 23, 2016",34.61
"June 22, 2016",34.61
"June 21, 2016",34.61
"June 20, 2016",34.61
"June 17, 2016",34.61
"June 16, 2016",34.61
"June 15, 2016",34.61
"June 14, 2016",34.61
"June 13, 2016",34.61
"June 10, 2016",34.61
"June 9, 2016",34.61
"June 8, 2016",34.61
"June 7, 2016",34.61
"June 6, 2016",34.61
"June 3, 2016",34.61
"June 2, 2016",34.61
"June 1, 2016",34.61
"May 31, 2016",34.61
"May 27, 2016",34.61
"May 26, 2016",34.61
"May 25, 2016",34.61
"May 24, 2016",34.61
"May 23, 2016",34.61
"May 20, 2016",34.61
"May 19, 2016",34.61
"May 18, 2016",34.61
"May 17, 2016",34.61
"May 16, 2016",34.61
"May 13, 2016",34.61
"May 12, 2016",34.61
"May 11, 2016",34.61
"May 10, 2016",34.61
"May 9, 2016",34.61
"May 6, 2016",34.61
"May 5, 2016",34.61
"May 4, 2016",34.61
"May 3, 2016",34.61
"May 2, 2016",34.61
"April 29, 2016",34.61
"April 28, 2016",34.61
"April 27, 2016",34.61
"April 26, 2016",34.61
"April 25, 2016",34.61
"April 22, 2016",34.61
"April 21, 2016",34.61
"April 20, 2016",34.61
"April 19, 2016",34.61
"April 18, 2016",34.61
"April 15, 2016",34.61
"April 14, 2016",34.61
"April 13, 2016",34.61
"April 12, 2016",34.61
"April 11, 2016",34.61
"April 8, 2016",34.61
"April 7, 2016",34.61
"April 6, 2016",34.61
"April 5, 2016",34.61
"April 4, 2016",34.61
"April 1, 2016",34.61
"March 31, 2016",34.61
"March 30, 2016",34.61
"March 29, 2016",34.61
"March 28, 2016",34.61
"March 24, 2016",34.61
"March 23, 2016",34.61
"March 22, 2016",34.61
"March 21, 2016",34.61
"March 18, 2016",34.61
"March 17, 2016",34.61
"March 16, 2016",34.61
"March 15, 2016",34.61
"March 14, 2016",34.61
"March 11, 2016",34.61
"March 10, 2016",34.61
"March 9, 2016",34.61
"March 8, 2016",34.61
"March 7, 2016",34.61
"March 4, 2016",34.61
"March 3, 2016",34.61
"March 2, 2016",34.61
"March 1, 2016",34.61
"Feb. 29, 2016",34.61
"Feb. 26, 2016",34.61
"Feb. 25, 2016",34.61
"Feb. 24, 2016",34.61
"Feb. 23, 2016",34.61
"Feb. 22, 2016",34.61
"Feb. 19, 2016",34.61
"Feb. 18, 2016",34.61
"Feb. 17, 2016",34.61
"Feb. 16, 2016",34.61
"Feb. 12, 2016",34.61
"Feb. 11, 2016",34.61
"Feb. 10, 2016",34.61
"Feb. 9, 2016",34.61
"Feb. 8, 2016",34.61
"Feb. 5, 2016",34.61
"Feb. 4, 2016",34.61
"Feb. 3, 2016",34.61
"Feb. 2, 2016",34.61
"Feb. 1, 2016",34.61
"Jan. 29, 2016",34.61
"Jan. 28, 2016",34.61
"Jan. 27, 2016",34.61
"Jan. 26, 2016",34.61
"Jan. 25, 2016",34.61
"Jan. 22, 2016",34.61
"Jan. 21, 2016",34.61
"Jan. 20, 2016",34.61
"Jan. 19, 2016",34.61
"Jan. 15, 2016",34.61
"Jan. 14, 2016",34.61
"Jan. 13, 2016",34.61
"Jan. 12, 2016",34.61
"Jan. 11, 2016",34.61
"Jan. 8, 2016",34.61
"Jan. 7, 2016",34.61
"Jan. 6, 2016",34.61
"Jan. 5, 2016",34.61
"Jan. 4, 2016",34.61
"Dec. 31, 2015",34.61
"Dec. 30, 2015",34.61
"Dec. 29, 2015",34.61
"Dec. 28, 2015",34.61
"Dec. 24, 2015",34.61
"Dec. 23, 2015",34.61
"Dec. 22, 2015",34.61
"Dec. 21, 2015",34.61
"Dec. 18, 2015",34.61
"Dec. 17, 2015",34.61
"Dec. 16, 2015",34.61
"Dec. 15, 2015",34.61
"Dec. 14, 2015",34.61
"Dec. 11, 2015",34.61
"Dec. 10, 2015",34.61
"Dec. 9, 2015",34.61
"Dec. 8, 2015",34.61
"Dec. 7, 2015",34.61
"Dec. 4, 2015",34.61
"Dec. 3, 2015",34.61
"Dec. 2, 2015",34.61
"Dec. 1, 2015",34.61
"Nov. 30, 2015",34.61
"Nov. 27, 2015",34.61
"Nov. 25, 2015",34.61
"Nov. 24, 2015",34.61
"Nov. 23, 2015",34.61
"Nov. 20, 2015",34.61
"Nov. 19, 2015",34.61
"Nov. 18, 2015",34.61
"Nov. 17, 2015",34.61
"Nov. 16, 2015",34.61
"Nov. 13, 2015",34.61
"Nov. 12, 2015",34.61
"Nov. 11, 2015",34.61
"Nov. 10, 2015",34.61
"Nov. 9, 2015",34.61
"Nov. 6, 2015",34.61
"Nov. 5, 2015",34.61
"Nov. 4, 2015",34.61
"Nov. 3, 2015",34.61
"Nov. 2, 2015",34.61
"Oct. 30, 2015",34.61
"Oct. 29, 2015",34.61
"Oct. 28, 2015",34.61
"Oct. 27, 2015",34.61
"Oct. 26, 2015",34.61
"Oct. 23, 2015",34.61
"Oct. 22, 2015",34.61
"Oct. 21, 2015",34.61
"Oct. 20, 2015",34.61
"Oct. 19, 2015",34.61
"Oct. 16, 2015",34.15
"Oct. 15, 2015",31.25
"Oct. 14, 2015",30.43
"Oct. 13, 2015",30.43
"Oct. 12, 2015",30.12
"Oct. 9, 2015",30.12
"Oct. 8, 2015",30.12
"Oct. 7, 2015",30.12
"Oct. 6, 2015",30.12
"Oct. 5, 2015",30.12
"Oct. 2, 2015",30.12
"Oct. 1, 2015",30.12
"Sept. 30, 2015",30.12
"Sept. 29, 2015",30.12
"Sept. 28, 2015",30.12
"Sept. 25, 2015",30.12
"Sept. 24, 2015",30.12
"Sept. 23, 2015",30.12
"Sept. 22, 2015",30.12
"Sept. 21, 2015",30.12
"Sept. 18, 2015",30.12
"Sept. 17, 2015",30.12
"Sept. 16, 2015",30.12
"Sept. 15, 2015",30.12
"Sept. 14, 2015",30.12
"Sept. 11, 2015",30.12
"Sept. 10, 2015",30.12
"Sept. 9, 2015",30.12
"Sept. 8, 2015",30.12
"Sept. 4, 2015",30.12
"Sept. 3, 2015",30.12
"Sept. 2, 2015",30.12
"Sept. 1, 2015",30.12
"Aug. 31, 2015",30.12
"Aug. 28, 2015",30.12
"Aug. 27, 2015",30.12
"Aug. 26, 2015",30.12
"Aug. 25, 2015",30.12
"Aug. 24, 2015",30.12
"Aug. 21, 2015",30.12
"Aug. 20, 2015",30.12
"Aug. 19, 2015",30.12
"Aug. 18, 2015",30.12
"Aug. 17, 2015",30.12
"Aug. 14, 2015",30.12
"Aug. 13, 2015",30.12
"Aug. 12, 2015",30.12
"Aug. 11, 2015",30.12
"Aug. 10, 2015",30.12
"Aug. 7, 2015",30.12
"Aug. 6, 2015",30.12
"Aug. 5, 2015",30.12
"Aug. 4, 2015",30.12
"Aug. 3, 2015",30.12
"July 31, 2015",30.12
"July 30, 2015",30.12
"July 29, 2015",30.12
"July 28, 2015",30.12
"July 27, 2015",30.12
"July 24, 2015",30.12
"July 23, 2015",30.12
"July 22, 2015",30.12
"July 21, 2015",30.12
"July 20, 2015",30.12
"July 17, 2015",30.12
"July 16, 2015",30.12
"July 15, 2015",30.12
"July 14, 2015",30.12
"July 13, 2015",30.12
"July 10, 2015",30.12
"July 9, 2015",30.12
"July 8, 2015",30.12
"July 7, 2015",30.12
"July 6, 2015",30.12
"July 2, 2015",30.12
"July 1, 2015",30.12
"June 30, 2015",30.12
"June 29, 2015",30.12
"June 26, 2015",30.12
"June 25, 2015",30.12
"June 24, 2015",30.12
"June 23, 2015",30.12
"June 22, 2015",30.12
"June 19, 2015",30.12
"June 18, 2015",30.12
"June 17, 2015",30.12
"June 16, 2015",30.12
"June 15, 2015",30.12
"June 12, 2015",30.12
"June 11, 2015",30.12
"June 10, 2015",30.12
"June 9, 2015",30.12
"June 8, 2015",30.12
"June 5, 2015",30.12
"June 4, 2015",30.12
"June 3, 2015",30.12
"June 2, 2015",30.12
"June 1, 2015",30.12
"May 29, 2015",30.12
"May 28, 2015",30.12
"May 27, 2015",30.12
"May 26, 2015",30.12
"May 22, 2015",30.12
"May 21, 2015",30.12
"May 20, 2015",30.12
"May 19, 2015",30.12
"May 18, 2015",30.12
"May 15, 2015",30.12
"May 14, 2015",30.12
"May 13, 2015",30.12
"May 12, 2015",30.12
"May 11, 2015",30.12
"May 8, 2015",30.12
"May 7, 2015",30.12
"May 6, 2015",30.12
"May 5, 2015",30.12
"May 4, 2015",30.12
"May 1, 2015",30.12
"April 30, 2015",30.12
"April 29, 2015",30.12
"April 28, 2015",30.12
"April 27, 2015",30.12
"April 24, 2015",30.12
"April 23, 2015",30.12
"April 22, 2015",30.12
"April 21, 2015",30.12
"April 20, 2015",30.12
"April 17, 2015",30.12
"April 16, 2015",30.12
"April 15, 2015",30.12
"April 14, 2015",30.12
"April 13, 2015",30.12
"April 10, 2015",30.12
"April 9, 2015",30.12
"April 8, 2015",30.12
"April 7, 2015",30.12
"April 6, 2015",30.12
"April 2, 2015",30.12
"April 1, 2015",30.12
"March 31, 2015",30.12
"March 30, 2015",30.12
"March 27, 2015",30.12
"March 26, 2015",30.12
"March 25, 2015",30.12
"March 24, 2015",30.12
"March 23, 2015",30.12
"March 20, 2015",30.12
"March 19, 2015",30.12
"March 18, 2015",30.12
"March 17, 2015",30.12
"March 16, 2015",30.12
"March 13, 2015",30.12
"March 12, 2015",30.12
"March 11, 2015",30.12
"March 10, 2015",30.12
"March 9, 2015",30.12
"March 6, 2015",30.12
"March 5, 2015",30.12
"March 4, 2015",30.12
"March 3, 2015",30.12
"March 2, 2015",30.12
"Feb. 27, 2015",30.12
"Feb. 26, 2015",30.12
"Feb. 25, 2015",30.12
"Feb. 24, 2015",30.12
"Feb. 23, 2015",30.12
"Feb. 20, 2015",30.12
"Feb. 19, 2015",30.12
"Feb. 18, 2015",30.12
"Feb. 17, 2015",30.12
"Feb. 13, 2015",30.12
"Feb. 12, 2015",30.12
"Feb. 11, 2015",30.12
"Feb. 10, 2015",30.12
"Feb. 9, 2015",30.12
"Feb. 6, 2015",30.12
"Feb. 5, 2015",29.81
"Feb. 4, 2015",29.12
"Feb. 3, 2015",29.12
"Feb. 2, 2015",29.12
"Jan. 30, 2015",29.12
"Jan. 29, 2015",29.12
"Jan. 28, 2015",29.12
"Jan. 27, 2015",29.12
"Jan. 26, 2015",29.12
"Jan. 23, 2015",29.12
"Jan. 22, 2015",29.12
"Jan. 21, 2015",29.12
"Jan. 20, 2015",29.12
"Jan. 16, 2015",29.12
"Jan. 15, 2015",29.12
"Jan. 14, 2015",29.12
"Jan. 13, 2015",29.12
"Jan. 12, 2015",29.12
"Jan. 9, 2015",29.12
"Jan. 8, 2015",29.12
"Jan. 7, 2015",28.61
"Jan. 6, 2015",28.59
"Jan. 5, 2015",28.59
"Jan. 2, 2015",28.24
"Dec. 31, 2014",27.20
"Dec. 30, 2014",27.20
"Dec. 29, 2014",26.89
"Dec. 26, 2014",26.86
"Dec. 24, 2014",26.86
"Dec. 23, 2014",26.86
"Dec. 22, 2014",26.86
"Dec. 19, 2014",26.86
"Dec. 18, 2014",26.86
"Dec. 17, 2014",26.40
"Dec. 16, 2014",26.40
"Dec. 15, 2014",26.40
"Dec. 12, 2014",26.40
"Dec. 11, 2014",26.40
"Dec. 10, 2014",26.40
"Dec. 9, 2014",26.40
"Dec. 8, 2014",26.40
"Dec. 5, 2014",26.40
"Dec. 4, 2014",26.40
"Dec. 3, 2014",26.40
"Dec. 2, 2014",26.40
"Dec. 1, 2014",26.40
"Nov. 28, 2014",26.40
"Nov. 26, 2014",26.40
"Nov. 25, 2014",26.40
"Nov. 24, 2014",26.40
"Nov. 21, 2014",26.40
"Nov. 20, 2014",26.40
"Nov. 19, 2014",26.40
"Nov. 18, 2014",26.40
"Nov. 17, 2014",26.40
"Nov. 14, 2014",26.40
"Nov. 13, 2014",26.40
"Nov. 12, 2014",26.40
"Nov. 11, 2014",26.40
"Nov. 10, 2014",26.40
"Nov. 7, 2014",26.40
"Nov. 6, 2014",26.40
"Nov. 5, 2014",26.40
"Nov. 4, 2014",26.40
"Nov. 3, 2014",26.40
"Oct. 31, 2014",26.05
"Oct. 30, 2014",26.05
"Oct. 29, 2014",26.00
"Oct. 28, 2014",26.00
"Oct. 27, 2014",25.98
"Oct. 24, 2014",25.98
"Oct. 23, 2014",25.67
"Oct. 22, 2014",25.29
"Oct. 21, 2014",25.26
"Oct. 20, 2014",24.46
"Oct. 17, 2014",24.46
"Oct. 16, 2014",24.38
"Oct. 15, 2014",23.88
"Oct. 14, 2014",23.83
"Oct. 13, 2014",23.77
"Oct. 10, 2014",23.77
"Oct. 9, 2014",23.77
"Oct. 8, 2014",23.72
"Oct. 7, 2014",23.72
"Oct. 6, 2014",23.72
"Oct. 3, 2014",23.72
"Oct. 2, 2014",23.72
"Oct. 1, 2014",23.72
"Sept. 30, 2014",23.63
"Sept. 29, 2014",22.71
"Sept. 26, 2014",22.71
"Sept. 25, 2014",22.71
"Sept. 24, 2014",22.71
"Sept. 23, 2014",22.71
"Sept. 22, 2014",22.71
"Sept. 19, 2014",22.71
"Sept. 18, 2014",22.71
"Sept. 17, 2014",22.71
"Sept. 16, 2014",22.71
"Sept. 15, 2014",22.71
"Sept. 12, 2014",22.15
"Sept. 11, 2014",22.08
"Sept. 10, 2014",22.08
"Sept. 9, 2014",21.97
"Sept. 8, 2014",20.76
"Sept. 5, 2014",19.75
"Sept. 4, 2014",19.75
"Sept. 3, 2014",19.75
"Sept. 2, 2014",19.57
"Aug. 29, 2014",19.57
"Aug. 28, 2014",19.33
"Aug. 27, 2014",18.92
"Aug. 26, 2014",18.85
"Aug. 25, 2014",18.85
"Aug. 22, 2014",18.85
"Aug. 21, 2014",18.85
"Aug. 20, 2014",18.85
"Aug. 19, 2014",18.85
"Aug. 18, 2014",18.85
"Aug. 15, 2014",18.85
"Aug. 14, 2014",18.85
"Aug. 13, 2014",18.75
"Aug. 12, 2014",18.53
"Aug. 11, 2014",18.53
"Aug. 8, 2014",18.53
"Aug. 7, 2014",18.53
"Aug. 6, 2014",18.53
"Aug. 5, 2014",18.53
"Aug. 4, 2014",18.53
"Aug. 1, 2014",18.53
"July 31, 2014",18.53
"July 30, 2014",18.53
"July 29, 2014",18.53
"July 28, 2014",18.53
"July 25, 2014",18.53
"July 24, 2014",18.53
"July 23, 2014",18.53
"July 22, 2014",18.53
"July 21, 2014",18.53
"July 18, 2014",18.53
"July 17, 2014",18.53
"July 16, 2014",18.53
"July 15, 2014",18.53
"July 14, 2014",18.53
"July 11, 2014",18.53
"July 10, 2014",18.45
"July 9, 2014",18.45
"July 8, 2014",18.45
"July 7, 2014",18.45
"July 3, 2014",18.30
"July 2, 2014",18.30
"July 1, 2014",18.30
"June 30, 2014",18.30
"June 27, 2014",18.30
"June 26, 2014",18.25
"June 25, 2014",18.09
"June 24, 2014",17.57
"June 23, 2014",17.29
"June 20, 2014",17.29
"June 19, 2014",17.29
"June 18, 2014",17.29
"June 17, 2014",17.29
"June 16, 2014",17.29
"June 13, 2014",17.29
"June 12, 2014",17.29
"June 11, 2014",17.29
"June 10, 2014",17.29
"June 9, 2014",17.29
"June 6, 2014",17.29
"June 5, 2014",16.94
"June 4, 2014",16.94
"June 3, 2014",16.94
"June 2, 2014",16.94
"May 30, 2014",16.94
"May 29, 2014",16.94
"May 28, 2014",16.94
"May 27, 2014",16.94
"May 23, 2014",16.94
"May 22, 2014",16.94
"May 21, 2014",16.94
"May 20, 2014",16.94
"May 19, 2014",16.94
"May 16, 2014",16.94
"May 15, 2014",16.94
"May 14, 2014",16.94
"May 13, 2014",16.94
"May 12, 2014",16.94
"May 9, 2014",16.94
"May 8, 2014",16.94
"May 7, 2014",16.94
"May 6, 2014",16.94
"May 5, 2014",16.94
"May 2, 2014",16.94
"May 1, 2014",16.69
"April 30, 2014",16.68
"April 29, 2014",16.68
"April 28, 2014",16.68
"April 25, 2014",16.18
"April 24, 2014",16.18
"April 23, 2014",16.18
"April 22, 2014",14.84
"April 21, 2014",14.84
"April 17, 2014",14.84
"April 16, 2014",14.84
"April 15, 2014",14.84
"April 14, 2014",14.71
"April 11, 2014",14.71
"April 10, 2014",14.71
"April 9, 2014",14.71
"April 8, 2014",14.71
"April 7, 2014",14.40
"April 4, 2014",13.94
"April 3, 2014",13.94
"April 2, 2014",13.94
"April 1, 2014",13.94
"March 31, 2014",13.94
"March 28, 2014",13.94
"March 27, 2014",13.94
"March 26, 2014",13.94
"March 25, 2014",13.94
"March 24, 2014",13.94
"March 21, 2014",13.94
"March 20, 2014",13.94
"March 19, 2014",13.94
"March 18, 2014",13.94
"March 17, 2014",13.94
"March 14, 2014",13.94
"March 13, 2014",13.94
"March 12, 2014",13.94
"March 11, 2014",13.94
"March 10, 2014",13.94
"March 7, 2014",13.94
"March 6, 2014",13.94
"March 5, 2014",13.94
"March 4, 2014",13.94
"March 3, 2014",13.94
"Feb. 28, 2014",13.94
"Feb. 27, 2014",13.94
"Feb. 26, 2014",13.85
"Feb. 25, 2014",13.60
"Feb. 24, 2014",13.60
"Feb. 21, 2014",13.39
"Feb. 20, 2014",13.16
"Feb. 19, 2014",13.16
"Feb. 18, 2014",13.16
"Feb. 14, 2014",13.16
"Feb. 13, 2014",13.16
"Feb. 12, 2014",13.16
"Feb. 11, 2014",13.16
"Feb. 10, 2014",13.16
"Feb. 7, 2014",13.16
"Feb. 6, 2014",13.16
"Feb. 5, 2014",13.16
"Feb. 4, 2014",13.16
"Feb. 3, 2014",13.16
"Jan. 31, 2014",13.16
"Jan. 30, 2014",13.16
"Jan. 29, 2014",13.16
"Jan. 28, 2014",13.16
"Jan. 27, 2014",13.16
"Jan. 24, 2014",13.16
"Jan. 23, 2014",13.16
"Jan. 22, 2014",13.16
"Jan. 21, 2014",13.16
"Jan. 17, 2014",13.16
"Jan. 16, 2014",13.16
"Jan. 15, 2014",13.16
"Jan. 14, 2014",13.16
"Jan. 13, 2014",13.16
"Jan. 10, 2014",13.09
"Jan. 9, 2014",13.09
"Jan. 8, 2014",12.89
"Jan. 7, 2014",12.87
"Jan. 6, 2014",12.87
"Jan. 3, 2014",12.55
"Jan. 2, 2014",12.12
"Dec. 31, 2013",11.55
"Dec. 30, 2013",11.55
"Dec. 27, 2013",11.46
"Dec. 26, 2013",11.43
"Dec. 24, 2013",11.43
"Dec. 23, 2013",11.43
"Dec. 20, 2013",11.43
"Dec. 19, 2013",11.43
"Dec. 18, 2013",11.43
"Dec. 17, 2013",11.20
"Dec. 16, 2013",11.16
"Dec. 13, 2013",11.12
"Dec. 12, 2013",10.80
"Dec. 11, 2013",10.47
"Dec. 10, 2013",10.19
"Dec. 9, 2013",9.95
"Dec. 6, 2013",9.88
"Dec. 5, 2013",9.73
"Dec. 4, 2013",9.56
"Dec. 3, 2013",9.50
"Dec. 2, 2013",9.50
"Nov. 29, 2013",9.50
"Nov. 27, 2013",9.50
"Nov. 26, 2013",9.50
"Nov. 25, 2013",9.50
"Nov. 22, 2013",9.50
"Nov. 21, 2013",9.485
"Nov. 20, 2013",9.485
"Nov. 19, 2013",9.41
"Nov. 18, 2013",9.32
"Nov. 15, 2013",9.21
"Nov. 14, 2013",9.21
"Nov. 13, 2013",9.21
"Nov. 12, 2013",9.21
"Nov. 11, 2013",9.21
"Nov. 8, 2013",9.21
"Nov. 7, 2013",9.21
"Nov. 6, 2013",9.21
"Nov. 5, 2013",9.21
"Nov. 4, 2013",9.21
"Nov. 1, 2013",9.21
"Oct. 31, 2013",9.21
"Oct. 30, 2013",9.21
"Oct. 29, 2013",9.21
"Oct. 28, 2013",9.21
"Oct. 25, 2013",9.21
"Oct. 24, 2013",9.21
"Oct. 23, 2013",9.21
"Oct. 22, 2013",9.21
"Oct. 21, 2013",9.21
"Oct. 18, 2013",9.21
"Oct. 17, 2013",9.21
"Oct. 16, 2013",9.21
"Oct. 15, 2013",9.21
"Oct. 14, 2013",9.21
"Oct. 11, 2013",9.21
"Oct. 10, 2013",9.21
"Oct. 9, 2013",9.21
"Oct. 8, 2013",9.21
"Oct. 7, 2013",9.21
"Oct. 4, 2013",9.21
"Oct. 3, 2013",9.21
"Oct. 2, 2013",9.21
"Oct. 1, 2013",9.21
"Sept. 30, 2013",9.11
"Sept. 27, 2013",9.04
"Sept. 26, 2013",9.04
"Sept. 25, 2013",8.95
"Sept. 24, 2013",8.95
"Sept. 23, 2013",8.89
"Sept. 20, 2013",8.89
"Sept. 19, 2013",8.89
"Sept. 18, 2013",8.89
"Sept. 17, 2013",8.89
"Sept. 16, 2013",8.89
"Sept. 13, 2013",8.89
"Sept. 12, 2013",8.89
"Sept. 11, 2013",8.89
"Sept. 10, 2013",8.89
"Sept. 9, 2013",8.89
"Sept. 6, 2013",8.89
"Sept. 5, 2013",8.89
"Sept. 4, 2013",8.60
"Sept. 3, 2013",8.42
"Aug. 30, 2013",8.42
"Aug. 29, 2013",8.42
"Aug. 28, 2013",8.42
"Aug. 27, 2013",8.42
"Aug. 26, 2013",8.42
"Aug. 23, 2013",8.42
"Aug. 22, 2013",8.42
"Aug. 21, 2013",8.42
"Aug. 20, 2013",8.42
"Aug. 19, 2013",8.42
"Aug. 16, 2013",8.42
"Aug. 15, 2013",8.42
"Aug. 14, 2013",8.42
"Aug. 13, 2013",8.42
"Aug. 12, 2013",8.42
"Aug. 9, 2013",8.42
"Aug. 8, 2013",8.42
"Aug. 7, 2013",8.42
"Aug. 6, 2013",8.42
"Aug. 5, 2013",8.42
"Aug. 2, 2013",8.42
"Aug. 1, 2013",8.42
"July 31, 2013",8.42
"July 30, 2013",8.42
"July 29, 2013",8.42
"July 26, 2013",8.42
"July 25, 2013",8.42
"July 24, 2013",8.42
"July 23, 2013",8.42
"July 22, 2013",8.42
"July 19, 2013",8.42
"July 18, 2013",8.42
"July 17, 2013",8.42
"July 16, 2013",8.42
"July 15, 2013",8.42
"July 12, 2013",8.42
"July 11, 2013",8.42
"July 10, 2013",8.42
"July 9, 2013",8.42
"July 8, 2013",8.42
"July 5, 2013",8.42
"July 3, 2013",8.42
"July 2, 2013",8.42
"July 1, 2013",8.42
"June 28, 2013",8.42
"June 27, 2013",8.42
"June 26, 2013",8.42
"June 25, 2013",8.42
"June 24, 2013",8.42
"June 21, 2013",8.42
"June 20, 2013",8.42
"June 19, 2013",8.42
"June 18, 2013",8.42
"June 17, 2013",8.42
"June 14, 2013",8.42
"June 13, 2013",8.42
"June 12, 2013",8.42
"June 11, 2013",8.42
"June 10, 2013",8.42
"June 7, 2013",8.42
"June 6, 2013",8.42
"June 5, 2013",8.42
"June 4, 2013",8.42
"June 3, 2013",8.42
"May 31, 2013",8.42
"May 30, 2013",8.42
"May 29, 2013",8.42
"May 28, 2013",8.42
"May 24, 2013",8.42
"May 23, 2013",8.42
"May 22, 2013",8.42
"May 21, 2013",8.42
"May 20, 2013",8.42
"May 17, 2013",8.42
"May 16, 2013",8.42
"May 15, 2013",8.42
"May 14, 2013",8.42
"May 13, 2013",8.42
"May 10, 2013",8.42
"May 9, 2013",8.42
"May 8, 2013",8.42
"May 7, 2013",8.42
"May 6, 2013",8.42
"May 3, 2013",8.42
"May 2, 2013",8.42
"May 1, 2013",8.42
"April 30, 2013",8.42
"April 29, 2013",8.42
"April 26, 2013",8.42
"April 25, 2013",8.42
"April 24, 2013",8.42
"April 23, 2013",8.42
"April 22, 2013",8.42
"April 19, 2013",8.42
"April 18, 2013",8.42
"April 17, 2013",8.42
"April 16, 2013",8.42
"April 15, 2013",8.42
"April 12, 2013",8.42
"April 11, 2013",8.42
"April 10, 2013",8.42
"April 9, 2013",8.42
"April 8, 2013",8.42
"April 5, 2013",8.42
"April 4, 2013",8.42
"April 3, 2013",8.42
"April 2, 2013",8.42
"April 1, 2013",8.42
"March 28, 2013",8.42
"March 27, 2013",8.42
"March 26, 2013",8.42
"March 25, 2013",8.42
"March 22, 2013",8.42
"March 21, 2013",8.42
"March 20, 2013",8.42
"March 19, 2013",8.42
"March 18, 2013",8.42
"March 15, 2013",8.42
"March 14, 2013",8.42
"March 13, 2013",8.42
"March 12, 2013",8.42
"March 11, 2013",8.42
"March 8, 2013",8.42
"March 7, 2013",8.42
"March 6, 2013",8.42
"March 5, 2013",8.42
"March 4, 2013",8.42
"March 1, 2013",8.42
"Feb. 28, 2013",8.42
"Feb. 27, 2013",8.42
"Feb. 26, 2013",8.42
"Feb. 25, 2013",8.42
"Feb. 22, 2013",8.42
"Feb. 21, 2013",8.42
"Feb. 20, 2013",8.42
"Feb. 19, 2013",8.42
"Feb. 15, 2013",8.42
"Feb. 14, 2013",8.42
"Feb. 13, 2013",8.42
"Feb. 12, 2013",8.42
"Feb. 11, 2013",8.42
"Feb. 8, 2013",8.42
"Feb. 7, 2013",8.42
"Feb. 6, 2013",8.42
"Feb. 5, 2013",8.42
"Feb. 4, 2013",8.42
"Feb. 1, 2013",8.42
"Jan. 31, 2013",8.42
"Jan. 30, 2013",8.42
"Jan. 29, 2013",8.42
"Jan. 28, 2013",8.42
"Jan. 25, 2013",8.42
"Jan. 24, 2013",8.42
"Jan. 23, 2013",8.42
"Jan. 22, 2013",8.42
"Jan. 18, 2013",8.42
"Jan. 17, 2013",8.42
"Jan. 16, 2013",8.42
"Jan. 15, 2013",8.42
"Jan. 14, 2013",8.42
"Jan. 11, 2013",8.42
"Jan. 10, 2013",8.42
"Jan. 9, 2013",8.22
"Jan. 8, 2013",8.13
"Jan. 7, 2013",8.13
"Jan. 4, 2013",8.13
"Jan. 3, 2013",7.87
"Jan. 2, 2013",7.83
"Dec. 31, 2012",7.83
"Dec. 28, 2012",7.83
"Dec. 27, 2012",7.83
"Dec. 26, 2012",7.83
"Dec. 24, 2012",7.83
"Dec. 21, 2012",7.83
"Dec. 20, 2012",7.83
"Dec. 19, 2012",7.83
"Dec. 18, 2012",7.83
"Dec. 17, 2012",7.83
"Dec. 14, 2012",7.83
"Dec. 13, 2012",7.83
"Dec. 12, 2012",7.83
"Dec. 11, 2012",7.83
"Dec. 10, 2012",7.83
"Dec. 7, 2012",7.83
"Dec. 6, 2012",7.83
"Dec. 5, 2012",7.83
"Dec. 4, 2012",7.83
"Dec. 3, 2012",7.83
"Nov. 30, 2012",7.83
"Nov. 29, 2012",7.83
"Nov. 28, 2012",7.51
"Nov. 27, 2012",7.48
"Nov. 26, 2012",7.30
"Nov. 23, 2012",7.08
"Nov. 21, 2012",7.08
"Nov. 20, 2012",7.08
"Nov. 19, 2012",7.08
"Nov. 16, 2012",7.08
"Nov. 15, 2012",7.08
"Nov. 14, 2012",7.08
"Nov. 13, 2012",7.08
"Nov. 12, 2012",7.08
"Nov. 9, 2012",7.08
"Nov. 8, 2012",7.08
"Nov. 7, 2012",7.08
"Nov. 6, 2012",7.08
"Nov. 5, 2012",7.08
"Nov. 2, 2012",7.08
"Nov. 1, 2012",7.08
"Oct. 31, 2012",7.08
"Oct. 26, 2012",7.08
"Oct. 25, 2012",7.08
"Oct. 24, 2012",7.08
"Oct. 23, 2012",7.08
"Oct. 22, 2012",7.08
"Oct. 19, 2012",7.08
"Oct. 18, 2012",7.08
"Oct. 17, 2012",7.08
"Oct. 16, 2012",7.08
"Oct. 15, 2012",7.08
"Oct. 12, 2012",7.08
"Oct. 11, 2012",7.08
"Oct. 10, 2012",7.08
"Oct. 9, 2012",7.08
"Oct. 8, 2012",7.08
"Oct. 5, 2012",7.08
"Oct. 4, 2012",7.08
"Oct. 3, 2012",7.08
"Oct. 2, 2012",6.68
"Oct. 1, 2012",6.64
"Sept. 28, 2012",6.64
"Sept. 27, 2012",6.64
"Sept. 26, 2012",6.64
"Sept. 25, 2012",6.64
"Sept. 24, 2012",6.64
"Sept. 21, 2012",6.64
"Sept. 20, 2012",6.64
"Sept. 19, 2012",6.64
"Sept. 18, 2012",6.64
"Sept. 17, 2012",6.64
"Sept. 14, 2012",6.64
"Sept. 13, 2012",6.64
"Sept. 12, 2012",6.64
"Sept. 11, 2012",6.64
"Sept. 10, 2012",6.64
"Sept. 7, 2012",6.64
"Sept. 6, 2012",6.64
"Sept. 5, 2012",6.64
"Sept. 4, 2012",6.64
"Aug. 31, 2012",6.64
"Aug. 30, 2012",6.64
"Aug. 29, 2012",6.64
"Aug. 28, 2012",6.64
"Aug. 27, 2012",6.64
"Aug. 24, 2012",6.64
"Aug. 23, 2012",6.64
"Aug. 22, 2012",6.64
"Aug. 21, 2012",6.64
"Aug. 20, 2012",6.64
"Aug. 17, 2012",6.64
"Aug. 16, 2012",6.64
"Aug. 15, 2012",6.64
"Aug. 14, 2012",6.64
"Aug. 13, 2012",6.64
"Aug. 10, 2012",6.64
"Aug. 9, 2012",6.64
"Aug. 8, 2012",6.60
"Aug. 7, 2012",6.60
"Aug. 6, 2012",6.41
"Aug. 3, 2012",6.41
"Aug. 2, 2012",6.41
"Aug. 1, 2012",6.41
"July 31, 2012",6.41
"July 30, 2012",6.41
"July 27, 2012",6.41
"July 26, 2012",6.41
"July 25, 2012",6.41
"July 24, 2012",6.41
"July 23, 2012",6.41
"July 20, 2012",6.41
"July 19, 2012",6.41
"July 18, 2012",6.41
"July 17, 2012",6.41
"July 16, 2012",6.41
"July 13, 2012",6.41
"July 12, 2012",6.41
"July 11, 2012",6.41
"July 10, 2012",6.41
"July 9, 2012",6.41
"July 6, 2012",6.41
"July 5, 2012",6.41
"July 3, 2012",6.41
"July 2, 2012",6.41
"June 29, 2012",6.41
"June 28, 2012",6.41
"June 27, 2012",6.41
"June 26, 2012",6.41
"June 25, 2012",6.41
"June 22, 2012",6.41
"June 21, 2012",6.41
"June 20, 2012",6.41
"June 19, 2012",6.41
"June 18, 2012",6.41
"June 15, 2012",6.41
"June 14, 2012",6.41
"June 13, 2012",6.41
"June 12, 2012",6.41
"June 11, 2012",6.41
"June 8, 2012",6.41
"June 7, 2012",6.41
"June 6, 2012",6.41
"June 5, 2012",6.41
"June 4, 2012",6.41
"June 1, 2012",6.41
"May 31, 2012",6.41
"May 30, 2012",6.41
"May 29, 2012",6.41
"May 25, 2012",6.41
"May 24, 2012",6.41
"May 23, 2012",6.41
"May 22, 2012",6.41
"May 21, 2012",6.41
"May 18, 2012",6.41
"May 17, 2012",6.41
"May 16, 2012",6.41
"May 15, 2012",6.41
"May 14, 2012",6.41
"May 11, 2012",6.41
"May 10, 2012",6.41
"May 9, 2012",6.41
"May 8, 2012",6.41
"May 7, 2012",6.41
"May 4, 2012",6.41
"May 3, 2012",6.41
"May 2, 2012",6.41
"May 1, 2012",6.41
"April 30, 2012",6.41
"April 27, 2012",6.41
"April 26, 2012",6.41
"April 25, 2012",6.41
"April 24, 2012",6.41
"April 23, 2012",6.41
"April 20, 2012",6.41
"April 19, 2012",6.41
"April 18, 2012",6.41
"April 17, 2012",6.41
"April 16, 2012",6.41
"April 13, 2012",6.41
"April 12, 2012",6.41
"April 11, 2012",6.41
"April 10, 2012",6.41
"April 9, 2012",6.41
"April 5, 2012",6.41
"April 4, 2012",6.41
"April 3, 2012",6.41
"April 2, 2012",6.41
"March 30, 2012",6.41
"March 29, 2012",6.41
"March 28, 2012",6.41
"March 27, 2012",6.41
"March 26, 2012",6.41
"March 23, 2012",6.41
"March 22, 2012",6.41
"March 21, 2012",6.41
"March 20, 2012",6.41
"March 19, 2012",6.41
"March 16, 2012",6.41
"March 15, 2012",6.41
"March 14, 2012",6.41
"March 13, 2012",6.41
"March 12, 2012",6.41
"March 9, 2012",6.41
"March 8, 2012",6.41
"March 7, 2012",6.41
"March 6, 2012",6.41
"March 5, 2012",6.41
"March 2, 2012",6.41
"March 1, 2012",6.41
"Feb. 29, 2012",6.41
"Feb. 28, 2012",6.41
"Feb. 27, 2012",6.41
"Feb. 24, 2012",6.41
"Feb. 23, 2012",6.41
"Feb. 22, 2012",6.41
"Feb. 21, 2012",6.41
"Feb. 17, 2012",6.41
"Feb. 16, 2012",6.41
"Feb. 15, 2012",6.41
"Feb. 14, 2012",6.41
"Feb. 13, 2012",6.41
"Feb. 10, 2012",6.41
"Feb. 9, 2012",6.41
"Feb. 8, 2012",6.41
"Feb. 7, 2012",6.41
"Feb. 6, 2012",6.41
"Feb. 3, 2012",6.41
"Feb. 2, 2012",6.41
"Feb. 1, 2012",6.41
"Jan. 31, 2012",6.41
"Jan. 30, 2012",6.41
"Jan. 27, 2012",6.41
"Jan. 26, 2012",6.41
"Jan. 25, 2012",6.41
"Jan. 24, 2012",6.41
"Jan. 23, 2012",6.41
"Jan. 20, 2012",6.41
"Jan. 19, 2012",6.41
"Jan. 18, 2012",6.41
"Jan. 17, 2012",6.41
"Jan. 13, 2012",6.41
"Jan. 12, 2012",6.41
"Jan. 11, 2012",6.41
"Jan. 10, 2012",6.41
"Jan. 9, 2012",6.41
"Jan. 6, 2012",6.41
"Jan. 5, 2012",6.41
"Jan. 4, 2012",6.41
"Jan. 3, 2012",6.41
"Dec. 30, 2011",6.41
"Dec. 29, 2011",6.41
"Dec. 28, 2011",6.41
"Dec. 27, 2011",6.41
"Dec. 23, 2011",6.41
"Dec. 22, 2011",6.41
"Dec. 21, 2011",6.41
"Dec. 20, 2011",6.41
"Dec. 19, 2011",6.41
"Dec. 16, 2011",6.41
"Dec. 15, 2011",6.41
"Dec. 14, 2011",6.41
"Dec. 13, 2011",6.41
"Dec. 12, 2011",6.41
"Dec. 9, 2011",6.41
"Dec. 8, 2011",6.41
"Dec. 7, 2011",6.41
"Dec. 6, 2011",6.41
"Dec. 5, 2011",6.41
"Dec. 2, 2011",6.41
"Dec. 1, 2011",6.41
"Nov. 30, 2011",6.41
"Nov. 29, 2011",6.41
"Nov. 28, 2011",6.41
"Nov. 25, 2011",6.41
"Nov. 23, 2011",6.41
"Nov. 22, 2011",6.41
"Nov. 21, 2011",6.41
"Nov. 18, 2011",6.41
"Nov. 17, 2011",6.41
"Nov. 16, 2011",6.41
"Nov. 15, 2011",6.41
"Nov. 14, 2011",6.41
"Nov. 11, 2011",6.41
"Nov. 10, 2011",6.41
"Nov. 9, 2011",6.41
"Nov. 8, 2011",6.41
"Nov. 7, 2011",6.41
"Nov. 4, 2011",6.41
"Nov. 3, 2011",6.41
"Nov. 2, 2011",6.41
"Nov. 1, 2011",6.41
"Oct. 31, 2011",6.41
"Oct. 28, 2011",6.41
"Oct. 27, 2011",6.41
"Oct. 26, 2011",6.41
"Oct. 25, 2011",6.41
"Oct. 24, 2011",6.41
"Oct. 21, 2011",6.41
"Oct. 20, 2011",6.41
"Oct. 19, 2011",6.41
"Oct. 18, 2011",6.41
"Oct. 17, 2011",6.41
"Oct. 14, 2011",6.41
"Oct. 13, 2011",6.41
"Oct. 12, 2011",6.41
"Oct. 11, 2011",6.41
"Oct. 10, 2011",6.41
"Oct. 7, 2011",6.41
"Oct. 6, 2011",6.41
"Oct. 5, 2011",6.41
"Oct. 4, 2011",6.41
"Oct. 3, 2011",6.41
"Sept. 30, 2011",6.41
"Sept. 29, 2011",6.41
"Sept. 28, 2011",6.41
"Sept. 27, 2011",6.41
"Sept. 26, 2011",6.41
"Sept. 23, 2011",6.41
"Sept. 22, 2011",6.41
"Sept. 21, 2011",6.41
"Sept. 20, 2011",6.41
"Sept. 19, 2011",6.41
"Sept. 16, 2011",6.41
"Sept. 15, 2011",6.41
"Sept. 14, 2011",6.41
"Sept. 13, 2011",6.41
"Sept. 12, 2011",6.41
"Sept. 9, 2011",6.41
"Sept. 8, 2011",6.41
"Sept. 7, 2011",6.41
"Sept. 6, 2011",6.41
"Sept. 2, 2011",6.41
"Sept. 1, 2011",6.41
"Aug. 31, 2011",6.41
"Aug. 30, 2011",6.41
"Aug. 29, 2011",6.41
"Aug. 26, 2011",6.41
"Aug. 25, 2011",6.41
"Aug. 24, 2011",6.41
"Aug. 23, 2011",6.41
"Aug. 22, 2011",6.41
"Aug. 19, 2011",6.41
"Aug. 18, 2011",6.41
"Aug. 17, 2011",6.41
"Aug. 16, 2011",6.41
"Aug. 15, 2011",6.41
"Aug. 12, 2011",6.41
"Aug. 11, 2011",6.41
"Aug. 10, 2011",6.41
"Aug. 9, 2011",6.41
"Aug. 8, 2011",6.41
"Aug. 5, 2011",6.58
"Aug. 4, 2011",6.98
"Aug. 3, 2011",7.09
"Aug. 2, 2011",7.28
"Aug. 1, 2011",7.28
"July 29, 2011",7.28
"July 28, 2011",7.28
"July 27, 2011",7.28
"July 26, 2011",7.78
"July 25, 2011",7.78
"July 22, 2011",7.90
"July 21, 2011",7.90
"July 20, 2011",7.90
"July 19, 2011",7.90
"July 18, 2011",7.90
"July 15, 2011",8.31
"July 14, 2011",8.50
"July 13, 2011",8.56
"July 12, 2011",8.56
"July 11, 2011",8.91
"July 8, 2011",8.91
"July 7, 2011",8.91
"July 6, 2011",8.91
"July 5, 2011",8.91
"July 1, 2011",8.91
"June 30, 2011",8.91
"June 29, 2011",8.91
"June 28, 2011",8.91
"June 27, 2011",8.91
"June 24, 2011",8.91
"June 23, 2011",8.91
"June 22, 2011",8.91
"June 21, 2011",8.91
"June 20, 2011",8.91
"June 17, 2011",8.91
"June 16, 2011",8.91
"June 15, 2011",8.91
"June 14, 2011",8.91
"June 13, 2011",8.91
"June 10, 2011",8.91
"June 9, 2011",8.91
"June 8, 2011",8.91
"June 7, 2011",8.91
"June 6, 2011",8.91
"June 3, 2011",8.91
"June 2, 2011",8.91
"June 1, 2011",8.91
"May 31, 2011",8.91
"May 27, 2011",8.91
"May 26, 2011",8.91
"May 25, 2011",8.91
"May 24, 2011",8.91
"May 23, 2011",8.91
"May 20, 2011",8.91
"May 19, 2011",8.91
"May 18, 2011",8.91
"May 17, 2011",8.91
"May 16, 2011",8.91
"May 13, 2011",8.91
"May 12, 2011",8.91
"May 11, 2011",8.91
"May 10, 2011",8.91
"May 9, 2011",8.91
"May 6, 2011",8.91
"May 5, 2011",8.91
"May 4, 2011",8.91
"May 3, 2011",8.91
"May 2, 2011",8.91
"April 29, 2011",8.91
"April 28, 2011",8.91
"April 27, 2011",8.91
"April 26, 2011",8.91
"April 25, 2011",8.91
"April 21, 2011",8.91
"April 20, 2011",8.91
"April 19, 2011",8.93
"April 18, 2011",8.93
"April 15, 2011",8.93
"April 14, 2011",8.93
"April 13, 2011",8.93
"April 12, 2011",8.93
"April 11, 2011",8.93
"April 8, 2011",8.93
"April 7, 2011",9.31
"April 6, 2011",9.31
"April 5, 2011",9.60
"April 4, 2011",9.60
"April 1, 2011",9.60
"March 31, 2011",9.60
"March 30, 2011",9.60
"March 29, 2011",9.60
"March 28, 2011",9.60
"March 25, 2011",9.60
"March 24, 2011",9.60
"March 23, 2011",9.60
"March 22, 2011",9.60
"March 21, 2011",9.60
"March 18, 2011",9.60
"March 17, 2011",9.60
"March 16, 2011",9.60
"March 15, 2011",9.60
"March 14, 2011",9.60
"March 11, 2011",9.60
"March 10, 2011",9.60
"March 9, 2011",9.60
"March 8, 2011",9.60
"March 7, 2011",9.60
"March 4, 2011",9.60
"March 3, 2011",9.60
"March 2, 2011",9.60
"March 1, 2011",9.60
"Feb. 28, 2011",9.60
"Feb. 25, 2011",9.60
"Feb. 24, 2011",9.60
"Feb. 23, 2011",9.60
"Feb. 22, 2011",9.60
"Feb. 18, 2011",9.60
"Feb. 17, 2011",9.60
"Feb. 16, 2011",9.60
"Feb. 15, 2011",9.60
"Feb. 14, 2011",9.60
"Feb. 11, 2011",9.60
"Feb. 10, 2011",9.60
"Feb. 9, 2011",9.60
"Feb. 8, 2011",9.60
"Feb. 7, 2011",9.60
"Feb. 4, 2011",9.60
"Feb. 3, 2011",9.60
"Feb. 2, 2011",9.60
"Feb. 1, 2011",9.60
"Jan. 31, 2011",9.60
"Jan. 28, 2011",9.60
"Jan. 27, 2011",9.60
"Jan. 26, 2011",9.60
"Jan. 25, 2011",9.60
"Jan. 24, 2011",9.60
"Jan. 21, 2011",9.60
"Jan. 20, 2011",9.60
"Jan. 19, 2011",9.60
"Jan. 18, 2011",9.60
"Jan. 14, 2011",9.60
"Jan. 13, 2011",9.60
"Jan. 12, 2011",9.60
"Jan. 11, 2011",9.60
"Jan. 10, 2011",9.60
"Jan. 7, 2011",9.60
"Jan. 6, 2011",9.60
"Jan. 5, 2011",9.60
"Jan. 4, 2011",9.60
"Jan. 3, 2011",9.60
"Dec. 31, 2010",9.60
"Dec. 30, 2010",9.60
"Dec. 29, 2010",9.60
"Dec. 28, 2010",9.60
"Dec. 27, 2010",9.60
"Dec. 23, 2010",9.60
"Dec. 22, 2010",9.60
"Dec. 21, 2010",9.60
"Dec. 20, 2010",9.60
"Dec. 17, 2010",9.60
"Dec. 16, 2010",9.60
"Dec. 15, 2010",9.60
"Dec. 14, 2010",9.60
"Dec. 13, 2010",9.60
"Dec. 10, 2010",9.60
"Dec. 9, 2010",9.60
"Dec. 8, 2010",9.60
"Dec. 7, 2010",9.60
"Dec. 6, 2010",9.43
"Dec. 3, 2010",9.40
"Dec. 2, 2010",9.02
"Dec. 1, 2010",8.70
"Nov. 30, 2010",8.20
"Nov. 29, 2010",7.82
"Nov. 26, 2010",7.49
"Nov. 24, 2010",7.49
"Nov. 23, 2010",7.49
"Nov. 22, 2010",7.49
"Nov. 19, 2010",7.46
"Nov. 18, 2010",7.40
"Nov. 17, 2010",7.40
"Nov. 16, 2010",7.40
"Nov. 15, 2010",7.40
"Nov. 12, 2010",7.40
"Nov. 11, 2010",7.40
"Nov. 10, 2010",7.40
"Nov. 9, 2010",7.40
"Nov. 8, 2010",7.40
"Nov. 5, 2010",7.29
"Nov. 4, 2010",7.09
"Nov. 3, 2010",7.09
"Nov. 2, 2010",6.93
"Nov. 1, 2010",6.78
"Oct. 29, 2010",6.78
"Oct. 28, 2010",6.78
"Oct. 27, 2010",6.78
"Oct. 26, 2010",6.78
"Oct. 25, 2010",6.78
"Oct. 22, 2010",6.78
"Oct. 21, 2010",6.78
"Oct. 20, 2010",6.78
"Oct. 19, 2010",6.78
"Oct. 18, 2010",6.78
"Oct. 15, 2010",6.78
"Oct. 14, 2010",6.78
"Oct. 13, 2010",6.78
"Oct. 12, 2010",6.78
"Oct. 11, 2010",6.78
"Oct. 8, 2010",6.78
"Oct. 7, 2010",6.78
"Oct. 6, 2010",6.78
"Oct. 5, 2010",6.78
"Oct. 4, 2010",6.78
"Oct. 1, 2010",6.78
"Sept. 30, 2010",6.78
"Sept. 29, 2010",6.78
"Sept. 28, 2010",6.78
"Sept. 27, 2010",6.78
"Sept. 24, 2010",6.78
"Sept. 23, 2010",6.78
"Sept. 22, 2010",6.78
"Sept. 21, 2010",6.78
"Sept. 20, 2010",6.78
"Sept. 17, 2010",6.78
"Sept. 16, 2010",6.78
"Sept. 15, 2010",6.78
"Sept. 14, 2010",6.78
"Sept. 13, 2010",6.78
"Sept. 10, 2010",6.78
"Sept. 9, 2010",6.78
"Sept. 8, 2010",6.78
"Sept. 7, 2010",6.78
"Sept. 3, 2010",6.78
"Sept. 2, 2010",6.78
"Sept. 1, 2010",6.74
"Aug. 31, 2010",6.74
"Aug. 30, 2010",6.74
"Aug. 27, 2010",6.74
"Aug. 26, 2010",6.74
"Aug. 25, 2010",6.74
"Aug. 24, 2010",6.74
"Aug. 23, 2010",6.74
"Aug. 20, 2010",6.74
"Aug. 19, 2010",6.65
"Aug. 18, 2010",6.57
"Aug. 17, 2010",6.57
"Aug. 16, 2010",6.55
"Aug. 13, 2010",6.55
"Aug. 12, 2010",6.55
"Aug. 11, 2010",6.55
"Aug. 10, 2010",6.55
"Aug. 9, 2010",6.55
"Aug. 6, 2010",6.55
"Aug. 5, 2010",6.55
"Aug. 4, 2010",6.55
"Aug. 3, 2010",6.55
"Aug. 2, 2010",6.55
"July 30, 2010",6.55
"July 29, 2010",6.55
"July 28, 2010",6.35
"July 27, 2010",6.16
"July 26, 2010",6.14
"July 23, 2010",5.88
"July 22, 2010",5.58
"July 21, 2010",5.58
"July 20, 2010",5.58
"July 19, 2010",5.58
"July 16, 2010",5.58
"July 15, 2010",5.58
"July 14, 2010",5.58
"July 13, 2010",5.58
"July 12, 2010",5.58
"July 9, 2010",5.58
"July 8, 2010",5.58
"July 7, 2010",5.56
"July 6, 2010",5.56
"July 2, 2010",5.56
"July 1, 2010",5.56
"June 30, 2010",5.56
"June 29, 2010",5.56
"June 28, 2010",5.56
"June 25, 2010",5.56
"June 24, 2010",5.50
"June 23, 2010",5.40
"June 22, 2010",5.31
"June 21, 2010",5.31
"June 18, 2010",5.31
"June 17, 2010",5.31
"June 16, 2010",5.31
"June 15, 2010",5.31
"June 14, 2010",5.31
"June 11, 2010",5.31
"June 10, 2010",5.31
"June 9, 2010",5.31
"June 8, 2010",5.31
"June 7, 2010",5.31
"June 4, 2010",5.31
"June 3, 2010",5.31
"June 2, 2010",5.31
"June 1, 2010",5.31
"May 28, 2010",5.31
"May 27, 2010",5.31
"May 26, 2010",5.31
"May 25, 2010",5.31
"May 24, 2010",5.31
"May 21, 2010",5.31
"May 20, 2010",5.31
"May 19, 2010",5.31
"May 18, 2010",5.31
"May 17, 2010",5.31
"May 14, 2010",5.31
"May 13, 2010",5.31
"May 12, 2010",5.31
"May 11, 2010",5.31
"May 10, 2010",5.31
"May 7, 2010",5.31
"May 6, 2010",5.31
"May 5, 2010",5.31
"May 4, 2010",5.31
"May 3, 2010",5.31
"April 30, 2010",5.31
"April 29, 2010",5.31
"April 28, 2010",5.31
"April 27, 2010",5.31
"April 26, 2010",5.31
"April 23, 2010",5.31
"April 22, 2010",5.31
"April 21, 2010",5.31
"April 20, 2010",5.31
"April 19, 2010",5.31
"April 16, 2010",5.31
"April 15, 2010",5.31
"April 14, 2010",5.31
"April 13, 2010",5.31
"April 12, 2010",5.31
"April 9, 2010",5.31
"April 8, 2010",5.31
"April 7, 2010",5.31
"April 6, 2010",5.31
"April 5, 2010",5.31
"April 1, 2010",5.31
"March 31, 2010",5.31
"March 30, 2010",5.31
"March 29, 2010",5.29
"March 26, 2010",5.29
"March 25, 2010",5.29
"March 24, 2010",5.29
"March 23, 2010",5.04
"March 22, 2010",4.90
"March 19, 2010",4.85
"March 18, 2010",4.85
"March 17, 2010",4.85
"March 16, 2010",4.85
"March 15, 2010",4.85
"March 12, 2010",4.85
"March 11, 2010",4.52
"March 10, 2010",4.52
"March 9, 2010",4.13
"March 8, 2010",3.81
"March 5, 2010",3.51
"March 4, 2010",3.51
"March 3, 2010",3.51
"March 2, 2010",3.51
"March 1, 2010",3.51
"Feb. 26, 2010",3.51
"Feb. 25, 2010",3.51
"Feb. 24, 2010",3.51
"Feb. 23, 2010",3.51
"Feb. 22, 2010",3.51
"Feb. 19, 2010",3.51
"Feb. 18, 2010",3.51
"Feb. 17, 2010",3.51
"Feb. 16, 2010",3.51
"Feb. 12, 2010",3.51
"Feb. 11, 2010",3.51
"Feb. 10, 2010",3.51
"Feb. 9, 2010",3.51
"Feb. 8, 2010",3.51
"Feb. 5, 2010",3.51
"Feb. 4, 2010",3.51
"Feb. 3, 2010",3.51
"Feb. 2, 2010",3.51
"Feb. 1, 2010",3.51
"Jan. 29, 2010",3.51
"Jan. 28, 2010",3.51
"Jan. 27, 2010",3.51
"Jan. 26, 2010",3.51
"Jan. 25, 2010",3.51
"Jan. 22, 2010",3.51
"Jan. 21, 2010",3.51
"Jan. 20, 2010",3.51
"Jan. 19, 2010",3.51
"Jan. 15, 2010",3.51
"Jan. 14, 2010",3.51
"Jan. 13, 2010",3.51
"Jan. 12, 2010",3.51
"Jan. 11, 2010",3.51
"Jan. 8, 2010",3.51
"Jan. 7, 2010",3.51
"Jan. 6, 2010",3.51
"Jan. 5, 2010",3.51
"Jan. 4, 2010",3.51
"Dec. 31, 2009",3.51
"Dec. 30, 2009",3.51
"Dec. 29, 2009",3.51
"Dec. 28, 2009",3.51
"Dec. 24, 2009",3.51
"Dec. 23, 2009",3.51
"Dec. 22, 2009",3.51
"Dec. 21, 2009",3.51
"Dec. 18, 2009",3.51
"Dec. 17, 2009",3.51
"Dec. 16, 2009",3.51
"Dec. 15, 2009",3.51
"Dec. 14, 2009",3.51
"Dec. 11, 2009",3.51
"Dec. 10, 2009",3.51
"Dec. 9, 2009",3.51
"Dec. 8, 2009",3.51
"Dec. 7, 2009",3.51
"Dec. 4, 2009",3.51
"Dec. 3, 2009",3.51
"Dec. 2, 2009",3.51
"Dec. 1, 2009",3.51
"Nov. 30, 2009",3.51
"Nov. 27, 2009",3.51
"Nov. 25, 2009",3.51
"Nov. 24, 2009",3.51
"Nov. 23, 2009",3.51
"Nov. 20, 2009",3.51
"Nov. 19, 2009",3.51
"Nov. 18, 2009",3.51
"Nov. 17, 2009",3.51
"Nov. 16, 2009",3.51
"Nov. 13, 2009",3.51
"Nov. 12, 2009",3.51
"Nov. 11, 2009",3.51
"Nov. 10, 2009",3.51
"Nov. 9, 2009",3.51
"Nov. 6, 2009",3.51
"Nov. 5, 2009",3.51
"Nov. 4, 2009",3.51
"Nov. 3, 2009",3.51
"Nov. 2, 2009",3.51
"Oct. 30, 2009",3.51
"Oct. 29, 2009",3.51
"Oct. 28, 2009",3.51
"Oct. 27, 2009",3.51
"Oct. 26, 2009",3.51
"Oct. 23, 2009",3.51
"Oct. 22, 2009",3.51
"Oct. 21, 2009",3.51
"Oct. 20, 2009",3.51
"Oct. 19, 2009",3.51
"Oct. 16, 2009",3.51
"Oct. 15, 2009",3.51
"Oct. 14, 2009",3.51
"Oct. 13, 2009",3.51
"Oct. 12, 2009",3.51
"Oct. 9, 2009",3.51
"Oct. 8, 2009",3.51
"Oct. 7, 2009",3.51
"Oct. 6, 2009",3.51
"Oct. 5, 2009",3.51
"Oct. 2, 2009",3.51
"Oct. 1, 2009",3.51
"Sept. 30, 2009",3.51
"Sept. 29, 2009",3.51
"Sept. 28, 2009",3.51
"Sept. 25, 2009",3.51
"Sept. 24, 2009",3.51
"Sept. 23, 2009",3.51
"Sept. 22, 2009",3.51
"Sept. 21, 2009",3.51
"Sept. 18, 2009",3.51
"Sept. 17, 2009",3.51
"Sept. 16, 2009",3.51
"Sept. 15, 2009",3.51
"Sept. 14, 2009",3.51
"Sept. 11, 2009",3.51
"Sept. 10, 2009",3.51
"Sept. 9, 2009",3.51
"Sept. 8, 2009",3.51
"Sept. 4, 2009",3.51
"Sept. 3, 2009",3.51
"Sept. 2, 2009",3.51
"Sept. 1, 2009",3.51
"Aug. 31, 2009",3.51
"Aug. 28, 2009",3.51
"Aug. 27, 2009",3.51
"Aug. 26, 2009",3.51
"Aug. 25, 2009",3.51
"Aug. 24, 2009",3.51
"Aug. 21, 2009",3.51
"Aug. 20, 2009",3.51
"Aug. 19, 2009",3.51
"Aug. 18, 2009",3.51
"Aug. 17, 2009",3.51
"Aug. 14, 2009",3.51
"Aug. 13, 2009",3.51
"Aug. 12, 2009",3.51
"Aug. 11, 2009",3.51
"Aug. 10, 2009",3.51
"Aug. 7, 2009",3.51
"Aug. 6, 2009",3.51
"Aug. 5, 2009",3.51
"Aug. 4, 2009",3.51
"Aug. 3, 2009",3.51
"July 31, 2009",3.51
"July 30, 2009",3.51
"July 29, 2009",3.51
"July 28, 2009",3.51
"July 27, 2009",3.51
"July 24, 2009",3.51
"July 23, 2009",3.51
"July 22, 2009",3.51
"July 21, 2009",3.51
"July 20, 2009",3.51
"July 17, 2009",3.51
"July 16, 2009",3.51
"July 15, 2009",3.51
"July 14, 2009",3.51
"July 13, 2009",3.51
"July 10, 2009",3.51
"July 9, 2009",3.51
"July 8, 2009",3.51
"July 7, 2009",3.51
"July 6, 2009",3.51
"July 2, 2009",3.51
"July 1, 2009",3.51
"June 30, 2009",3.51
"June 29, 2009",3.51
"June 26, 2009",3.51
"June 25, 2009",3.51
"June 24, 2009",3.51
"June 23, 2009",3.51
"June 22, 2009",3.51
"June 19, 2009",3.51
"June 18, 2009",3.51
"June 17, 2009",3.51
"June 16, 2009",3.51
"June 15, 2009",3.51
"June 12, 2009",3.51
"June 11, 2009",3.51
"June 10, 2009",3.51
"June 9, 2009",3.51
"June 8, 2009",3.51
"June 5, 2009",3.51
"June 4, 2009",3.51
"June 3, 2009",3.51
"June 2, 2009",3.51
"June 1, 2009",3.51
"May 29, 2009",3.51
"May 28, 2009",3.51
"May 27, 2009",3.51
"May 26, 2009",3.51
"May 22, 2009",3.51
"May 21, 2009",3.51
"May 20, 2009",3.51
"May 19, 2009",3.51
"May 18, 2009",3.51
"May 15, 2009",3.51
"May 14, 2009",3.51
"May 13, 2009",3.51
"May 12, 2009",3.51
"May 11, 2009",3.51
"May 8, 2009",3.51
"May 7, 2009",3.51
"May 6, 2009",3.51
"May 5, 2009",3.51
"May 4, 2009",3.51
"May 1, 2009",3.51
"April 30, 2009",3.51
"April 29, 2009",3.51
"April 28, 2009",3.51
"April 27, 2009",3.51
"April 24, 2009",3.51
"April 23, 2009",3.51
"April 22, 2009",3.51
"April 21, 2009",3.51
"April 20, 2009",3.51
"April 17, 2009",3.51
"April 16, 2009",3.51
"April 15, 2009",3.51
"April 14, 2009",3.51
"April 13, 2009",3.51
"April 9, 2009",3.51
"April 8, 2009",3.51
"April 7, 2009",3.51
"April 6, 2009",3.51
"April 3, 2009",3.51
"April 2, 2009",3.51
"April 1, 2009",3.51
"March 31, 2009",3.51
"March 30, 2009",3.51
"March 27, 2009",3.51
"March 26, 2009",3.51
"March 25, 2009",3.51
"March 24, 2009",3.51
"March 23, 2009",3.51
"March 20, 2009",3.51
"March 19, 2009",3.51
"March 18, 2009",3.51
"March 17, 2009",3.51
"March 16, 2009",3.51
"March 13, 2009",3.51
"March 12, 2009",3.51
"March 11, 2009",3.51
"March 10, 2009",3.51
"March 9, 2009",3.51
"March 6, 2009",3.51
"March 5, 2009",3.85
"March 4, 2009",3.95
"March 3, 2009",3.95
"March 2, 2009",4.00
"Feb. 27, 2009",4.00
"Feb. 26, 2009",4.00
"Feb. 25, 2009",4.00
"Feb. 24, 2009",4.00
"Feb. 23, 2009",4.00
"Feb. 20, 2009",4.00
"Feb. 19, 2009",4.00
"Feb. 18, 2009",4.00
"Feb. 17, 2009",4.00
"Feb. 13, 2009",4.00
"Feb. 12, 2009",4.00
"Feb. 11, 2009",4.00
"Feb. 10, 2009",4.00
"Feb. 9, 2009",4.00
"Feb. 6, 2009",4.00
"Feb. 5, 2009",4.00
"Feb. 4, 2009",4.00
"Feb. 3, 2009",4.00
"Feb. 2, 2009",4.00
"Jan. 30, 2009",4.00
"Jan. 29, 2009",4.00
"Jan. 28, 2009",4.00
"Jan. 27, 2009",4.00
"Jan. 26, 2009",4.00
"Jan. 23, 2009",4.00
"Jan. 22, 2009",4.00
"Jan. 21, 2009",4.00
"Jan. 20, 2009",4.00
"Jan. 16, 2009",4.00
"Jan. 15, 2009",4.00
"Jan. 14, 2009",4.00
"Jan. 13, 2009",4.00
"Jan. 12, 2009",4.00
"Jan. 9, 2009",4.00
"Jan. 8, 2009",4.00
"Jan. 7, 2009",4.00
"Jan. 6, 2009",4.00
"Jan. 5, 2009",4.00
"Jan. 2, 2009",4.00
"Dec. 31, 2008",4.00
"Dec. 30, 2008",4.00
"Dec. 29, 2008",4.00
"Dec. 26, 2008",4.00
"Dec. 24, 2008",4.00
"Dec. 23, 2008",4.00
"Dec. 22, 2008",4.00
"Dec. 19, 2008",4.00
"Dec. 18, 2008",4.00
"Dec. 17, 2008",4.00
"Dec. 16, 2008",4.00
"Dec. 15, 2008",4.00
"Dec. 12, 2008",4.00
"Dec. 11, 2008",4.00
"Dec. 10, 2008",4.00
"Dec. 9, 2008",4.00
"Dec. 8, 2008",4.00
"Dec. 5, 2008",4.00
"Dec. 4, 2008",4.00
"Dec. 3, 2008",4.00
"Dec. 2, 2008",4.00
"Dec. 1, 2008",4.00
"Nov. 28, 2008",4.00
"Nov. 26, 2008",4.00
"Nov. 25, 2008",4.00
"Nov. 24, 2008",4.00
"Nov. 21, 2008",4.00
"Nov. 20, 2008",4.00
"Nov. 19, 2008",4.00
"Nov. 18, 2008",4.00
"Nov. 17, 2008",4.00
"Nov. 14, 2008",4.00
"Nov. 13, 2008",4.00
"Nov. 12, 2008",4.00
"Nov. 11, 2008",4.00
"Nov. 10, 2008",4.00
"Nov. 7, 2008",4.00
"Nov. 6, 2008",4.00
"Nov. 5, 2008",4.00
"Nov. 4, 2008",4.00
"Nov. 3, 2008",4.00
"Oct. 31, 2008",4.00
"Oct. 30, 2008",4.00
"Oct. 29, 2008",4.00
"Oct. 28, 2008",4.00
"Oct. 27, 2008",4.00
"Oct. 24, 2008",4.00
"Oct. 23, 2008",4.00
"Oct. 22, 2008",4.00
"Oct. 21, 2008",4.00
"Oct. 20, 2008",4.00
"Oct. 17, 2008",4.00
"Oct. 16, 2008",4.00
"Oct. 15, 2008",4.00
"Oct. 14, 2008",4.00
"Oct. 13, 2008",4.00
"Oct. 10, 2008",4.00
"Oct. 9, 2008",4.00
"Oct. 8, 2008",4.00
"Oct. 7, 2008",4.00
"Oct. 6, 2008",4.00
"Oct. 3, 2008",4.00
"Oct. 2, 2008",4.00
"Oct. 1, 2008",4.00
"Sept. 30, 2008",4.00
"Sept. 29, 2008",4.00
"Sept. 26, 2008",4.00
"Sept. 25, 2008",4.00
"Sept. 24, 2008",4.00
"Sept. 23, 2008",4.00
"Sept. 22, 2008",4.00
"Sept. 19, 2008",4.00
"Sept. 18, 2008",4.00
"Sept. 17, 2008",4.00
"Sept. 16, 2008",4.00
"Sept. 15, 2008",4.00
"Sept. 12, 2008",4.00
"Sept. 11, 2008",4.00
"Sept. 10, 2008",4.00
"Sept. 9, 2008",4.00
"Sept. 8, 2008",4.00
"Sept. 5, 2008",4.00
"Sept. 4, 2008",4.00
"Sept. 3, 2008",4.00
"Sept. 2, 2008",4.00
"Aug. 29, 2008",4.00
"Aug. 28, 2008",4.00
"Aug. 27, 2008",4.00
"Aug. 26, 2008",4.00
"Aug. 25, 2008",4.00
"Aug. 22, 2008",4.00
"Aug. 21, 2008",4.00
"Aug. 20, 2008",4.00
"Aug. 19, 2008",4.00
"Aug. 18, 2008",4.00
"Aug. 15, 2008",4.00
"Aug. 14, 2008",4.00
"Aug. 13, 2008",4.00
"Aug. 12, 2008",4.00
"Aug. 11, 2008",4.00
"Aug. 8, 2008",4.00
"Aug. 7, 2008",4.00
"Aug. 6, 2008",4.00
"Aug. 5, 2008",4.00
"Aug. 4, 2008",4.00
"Aug. 1, 2008",4.00
"July 31, 2008",4.00
"July 30, 2008",4.00
"July 29, 2008",4.00
"July 28, 2008",4.00
"July 25, 2008",4.00
"July 24, 2008",4.00
"July 23, 2008",4.00
"July 22, 2008",4.00
"July 21, 2008",4.00
"July 18, 2008",4.00
"July 17, 2008",4.00
"July 16, 2008",4.00
"July 15, 2008",4.00
"July 14, 2008",4.59
"July 11, 2008",4.59
"July 10, 2008",4.71
"July 9, 2008",4.71
"July 8, 2008",4.71
"July 7, 2008",4.71
"July 3, 2008",4.71
"July 2, 2008",4.797
"July 1, 2008",4.797
"June 30, 2008",4.797
"June 27, 2008",4.797
"June 26, 2008",4.797
"June 25, 2008",4.797
"June 24, 2008",4.797
"June 23, 2008",4.797
"June 20, 2008",4.797
"June 19, 2008",4.797
"June 18, 2008",4.797
"June 17, 2008",4.797
"June 16, 2008",4.797
"June 13, 2008",4.797
"June 12, 2008",4.797
"June 11, 2008",5.34
"June 10, 2008",5.37
"June 9, 2008",5.37
"June 6, 2008",5.37
"June 5, 2008",5.37
"June 4, 2008",5.37
"June 3, 2008",5.37
"June 2, 2008",5.37
"May 30, 2008",5.37
"May 29, 2008",5.37
"May 28, 2008",5.37
"May 27, 2008",5.37
"May 23, 2008",5.37
"May 22, 2008",5.69
"May 21, 2008",5.69
"May 20, 2008",6.50
"May 19, 2008",6.50
"May 16, 2008",6.50
"May 15, 2008",6.50
"May 14, 2008",6.50
"May 13, 2008",6.50
"May 12, 2008",6.50
"May 9, 2008",6.50
"May 8, 2008",6.50
"May 7, 2008",6.50
"May 6, 2008",6.50
"May 5, 2008",6.50
"May 2, 2008",6.50
"May 1, 2008",6.50
"April 30, 2008",6.50
"April 29, 2008",6.50
"April 28, 2008",6.50
"April 25, 2008",6.50
"April 24, 2008",6.50
"April 23, 2008",6.50
"April 22, 2008",6.70
"April 21, 2008",7.94
"April 18, 2008",7.94
"April 17, 2008",7.94
"April 16, 2008",7.94
"April 15, 2008",7.94
"April 14, 2008",7.94
"April 11, 2008",7.94
"April 10, 2008",7.94
"April 9, 2008",7.94
"April 8, 2008",7.94
"April 7, 2008",7.94
"April 4, 2008",7.94
"April 3, 2008",7.94
"April 2, 2008",7.94
"April 1, 2008",7.94
"March 31, 2008",7.94
"March 28, 2008",7.94
"March 27, 2008",8.34
"March 26, 2008",8.61
"March 25, 2008",8.61
"March 24, 2008",8.61
"March 20, 2008",8.61
"March 19, 2008",8.61
"March 18, 2008",8.61
"March 17, 2008",8.61
"March 14, 2008",9.38
"March 13, 2008",9.56
"March 12, 2008",10.05
"March 11, 2008",11.50
"March 10, 2008",11.50
"March 7, 2008",11.50
"March 6, 2008",11.50
"March 5, 2008",11.50
"March 4, 2008",11.50
"March 3, 2008",11.50
"Feb. 29, 2008",11.50
"Feb. 28, 2008",11.50
"Feb. 27, 2008",11.50
"Feb. 26, 2008",11.50
"Feb. 25, 2008",11.50
"Feb. 22, 2008",11.50
"Feb. 21, 2008",11.50
"Feb. 20, 2008",11.50
"Feb. 19, 2008",11.50
"Feb. 15, 2008",11.50
"Feb. 14, 2008",11.50
"Feb. 13, 2008",11.50
"Feb. 12, 2008",11.50
"Feb. 11, 2008",11.50
"Feb. 8, 2008",11.50
"Feb. 7, 2008",11.50
"Feb. 6, 2008",11.50
"Feb. 5, 2008",11.50
"Feb. 4, 2008",11.50
"Feb. 1, 2008",11.50
"Jan. 31, 2008",11.50
"Jan. 30, 2008",11.50
"Jan. 29, 2008",11.50
"Jan. 28, 2008",11.50
"Jan. 25, 2008",11.50
"Jan. 24, 2008",11.50
"Jan. 23, 2008",11.50
"Jan. 22, 2008",11.50
"Jan. 18, 2008",11.50
"Jan. 17, 2008",11.50
"Jan. 16, 2008",11.50
"Jan. 15, 2008",11.50
"Jan. 14, 2008",11.50
"Jan. 11, 2008",11.50
"Jan. 10, 2008",11.50
"Jan. 9, 2008",11.50
"Jan. 8, 2008",11.50
"Jan. 7, 2008",12.66
"Jan. 4, 2008",12.66
"Jan. 3, 2008",13.50
"Jan. 2, 2008",13.58
"Dec. 31, 2007",14.04
"Dec. 28, 2007",14.04
"Dec. 27, 2007",14.04
"Dec. 26, 2007",14.04
"Dec. 24, 2007",14.04
"Dec. 21, 2007",14.04
"Dec. 20, 2007",14.04
"Dec. 19, 2007",14.04
"Dec. 18, 2007",14.11
"Dec. 17, 2007",14.45
"Dec. 14, 2007",14.45
"Dec. 13, 2007",14.83
"Dec. 12, 2007",14.83
"Dec. 11, 2007",14.94
"Dec. 10, 2007",14.94
"Dec. 7, 2007",14.94
"Dec. 6, 2007",14.94
"Dec. 5, 2007",14.94
"Dec. 4, 2007",14.94
"Dec. 3, 2007",14.94
"Nov. 30, 2007",14.94
"Nov. 29, 2007",14.94
"Nov. 28, 2007",14.94
"Nov. 27, 2007",14.94
"Nov. 26, 2007",14.94
"Nov. 23, 2007",14.94
"Nov. 21, 2007",14.94
"Nov. 20, 2007",14.94
"Nov. 19, 2007",14.94
"Nov. 16, 2007",14.94
"Nov. 15, 2007",14.94
"Nov. 14, 2007",14.94
"Nov. 13, 2007",14.94
"Nov. 12, 2007",14.94
"Nov. 9, 2007",14.94
"Nov. 8, 2007",14.94
"Nov. 7, 2007",14.94
"Nov. 6, 2007",14.94
"Nov. 5, 2007",14.94
"Nov. 2, 2007",14.94
"Nov. 1, 2007",14.94
"Oct. 31, 2007",14.94
"Oct. 30, 2007",14.94
"Oct. 29, 2007",14.94
"Oct. 26, 2007",14.94
"Oct. 25, 2007",14.94
"Oct. 24, 2007",14.94
"Oct. 23, 2007",14.94
"Oct. 22, 2007",14.94
"Oct. 19, 2007",14.94
"Oct. 18, 2007",14.94
"Oct. 17, 2007",14.94
"Oct. 16, 2007",14.94
"Oct. 15, 2007",14.94
"Oct. 12, 2007",14.94
"Oct. 11, 2007",14.94
"Oct. 10, 2007",14.94
"Oct. 9, 2007",14.94
"Oct. 8, 2007",14.94
"Oct. 5, 2007",14.94
"Oct. 4, 2007",14.94
"Oct. 3, 2007",14.94
"Oct. 2, 2007",14.94
"Oct. 1, 2007",14.94
"Sept. 28, 2007",14.94
"Sept. 27, 2007",14.94
"Sept. 26, 2007",14.94
"Sept. 25, 2007",14.94
"Sept. 24, 2007",14.94
"Sept. 21, 2007",14.94
"Sept. 20, 2007",14.94
"Sept. 19, 2007",14.94
"Sept. 18, 2007",14.94
"Sept. 17, 2007",14.94
"Sept. 14, 2007",14.94
"Sept. 13, 2007",14.94
"Sept. 12, 2007",14.94
"Sept. 11, 2007",14.94
"Sept. 10, 2007",14.94
"Sept. 7, 2007",14.94
"Sept. 6, 2007",14.94
"Sept. 5, 2007",14.94
"Sept. 4, 2007",14.94
"Aug. 31, 2007",14.94
"Aug. 30, 2007",14.94
"Aug. 29, 2007",14.94
"Aug. 28, 2007",14.94
"Aug. 27, 2007",14.94
"Aug. 24, 2007",14.94
"Aug. 23, 2007",14.94
"Aug. 22, 2007",14.94
"Aug. 21, 2007",14.94
"Aug. 20, 2007",14.94
"Aug. 17, 2007",14.94
"Aug. 16, 2007",14.94
"Aug. 15, 2007",15.02
"Aug. 14, 2007",15.96
"Aug. 13, 2007",16.95
"Aug. 10, 2007",16.95
"Aug. 9, 2007",17.18
"Aug. 8, 2007",17.18
"Aug. 7, 2007",17.18
"Aug. 6, 2007",17.18
"Aug. 3, 2007",17.18
"Aug. 2, 2007",17.18
"Aug. 1, 2007",17.18
"July 31, 2007",17.32
"July 30, 2007",17.32
"July 27, 2007",18.02
"July 26, 2007",18.02
"July 25, 2007",18.02
"July 24, 2007",18.02
"July 23, 2007",18.02
"July 20, 2007",18.02
"July 19, 2007",18.02
"July 18, 2007",18.02
"July 17, 2007",18.02
"July 16, 2007",18.02
"July 13, 2007",18.02
"July 12, 2007",18.02
"July 11, 2007",18.02
"July 10, 2007",18.02
"July 9, 2007",18.02
"July 6, 2007",18.02
"July 5, 2007",18.02
"July 3, 2007",18.02
"July 2, 2007",18.02
"June 29, 2007",18.02
"June 28, 2007",18.02
"June 27, 2007",18.02
"June 26, 2007",18.02
"June 25, 2007",18.02
"June 22, 2007",18.02
"June 21, 2007",18.02
"June 20, 2007",18.02
"June 19, 2007",18.02
"June 18, 2007",18.02
"June 15, 2007",18.02
"June 14, 2007",18.02
"June 13, 2007",18.02
"June 12, 2007",18.02
"June 11, 2007",18.02
"June 8, 2007",18.02
"June 7, 2007",18.02
"June 6, 2007",18.02
"June 5, 2007",18.02
"June 4, 2007",18.02
"June 1, 2007",18.02
"May 31, 2007",18.02
"May 30, 2007",18.02
"May 29, 2007",18.02
"May 25, 2007",18.02
"May 24, 2007",18.02
"May 23, 2007",18.02
"May 22, 2007",18.02
"May 21, 2007",18.02
"May 18, 2007",18.02
"May 17, 2007",18.02
"May 16, 2007",18.02
"May 15, 2007",18.15
"May 14, 2007",18.75
"May 11, 2007",19.05
"May 10, 2007",19.05
"May 9, 2007",19.05
"May 8, 2007",19.05
"May 7, 2007",19.05
"May 4, 2007",19.05
"May 3, 2007",19.05
"May 2, 2007",19.05
"May 1, 2007",19.05
"April 30, 2007",20.01
"April 27, 2007",20.85
"April 26, 2007",22.65
